report_id,report_period,publication_datetime,section,char_count,sentence_count,average_sentence_length,dovish_score,hawkish_score,tone,dovish_ratio,hawkish_ratio,growth_attention,inflation_attention,risk_attention,uncertainty_attention,forward_looking_attention,match_count,dovish_count,hawkish_count,growth_count,inflation_count,risk_count,uncertainty_count,forward_looking_count,similarity,novelty,tone_change,unexpected_tone
2006Q1,2006Q1,2006-05-31 14:12:00,full,36406,529,68.82041587901702,0.0,3.0,-0.75,0.0,0.082403999340768,0.41201999670384004,0.3504916771960666,0.0741635994066912,0.06042959951656321,0.4285007965719938,53,0,3,15,12,2,2,19,,,,
2006Q2,2006Q2,2006-08-10 00:01:00,full,36356,500,72.712,0.0,10.5,-0.9130434782608695,0.0,0.28881065023654967,0.8554296402244471,0.4819011992518428,0.06601386291121135,0.11552426009461987,0.7393552646055676,94,0,8,31,16,2,4,33,0.8162778513645266,0.18372214863547343,-0.1630434782608695,
2006Q3,2006Q3,2006-11-14 17:01:00,full,32622,453,72.01324503311258,2.4000000000000004,7.0,-0.44230769230769224,0.07356998344675374,0.21457911838636504,0.5824290356201337,0.3739807491876647,0.0,0.14713996689350747,0.47820489240389935,64,3,6,19,12,0,5,19,0.848932026005396,0.15106797399460403,0.4707357859531773,0.3892140468227426
2006Q4,2006Q4,2007-02-09 17:45:00,full,37597,495,75.95353535353536,10.8,2.0,0.6376811594202899,0.2872569619916483,0.053195733702157084,0.3723701359150996,0.4042875761363938,0.0,0.0,0.38513711200361744,58,9,2,14,15,0,0,18,0.8457738490832608,0.1542261509167392,1.079988851727982,1.339464882943144
2007Q1,2007Q1,2007-05-10 19:40:00,full,36889,553,66.70705244122966,1.6,3.0,-0.25,0.04337336333324297,0.08132505624983057,0.6804196372902491,0.3415652362492884,0.0,0.09216839708314131,0.46626365583236207,66,2,3,25,12,0,3,21,0.8674035249290624,0.13259647507093764,-0.8876811594202899,0.11691750278706797
2007Q2,2007Q2,2007-08-08 17:30:00,full,42085,614,68.54234527687296,0.8,0.0,0.4444444444444445,0.019009148152548415,0.0,0.5227515741950813,1.5340382559106578,0.05702744445764524,0.12355946299156469,0.5322561482713558,117,1,0,22,59,2,5,28,0.8736404369197992,0.1263595630802008,0.6944444444444444,0.6863619472315124
2007Q3,2007Q3,2007-11-08 17:57:00,full,39980,594,67.3063973063973,1.6,0.0,0.6153846153846154,0.04002001000500251,0.0,0.5002501250625313,0.975487743871936,0.0,0.14507253626813407,1.5407703851925945,140,2,0,20,37,0,5,76,0.8870105226168462,0.11298947738315379,0.17094017094017094,0.5179301374953549
2007Q4,2007Q4,2008-02-22 17:02:00,full,42022,627,67.0207336523126,4.8,0.0,0.8275862068965517,0.11422588168102422,0.0,0.6901147018228547,1.0208938175241542,0.03569558802532007,0.19037646946837372,0.5140164675646093,106,3,0,29,39,1,7,27,0.8830813767620903,0.11691862323790969,0.2122015915119363,0.4657086520842143
2008Q1,2008Q1,2008-05-14 17:59:00,full,40712,571,71.29947460595447,14.4,3.0,0.6195652173913044,0.35370406759677736,0.07368834741599528,0.5698565533503634,1.2035763411279228,0.0,0.16702692080958928,0.7123206916879548,124,9,2,23,49,0,6,35,0.8855597871266169,0.11444021287338313,-0.20802098950524728,0.21021140070990152
2008Q2,2008Q2,2008-08-15 16:23:00,full,40263,599,67.21702838063439,2.4000000000000004,1.5,0.18367346938775517,0.05960807689441921,0.037255048059011996,0.546407371532176,0.7550356406626432,0.0794774358592256,0.3104587338250999,0.5960807689441923,99,3,1,22,30,3,11,29,0.8609709365991195,0.1390290634008805,-0.43589174800354924,-0.4430716516414738
2008Q3,2008Q3,2008-11-17 18:59:00,full,36999,565,65.48495575221239,20.8,2.7,0.7387755102040817,0.5621773561447606,0.07297494526879104,0.8729965674747965,0.38919970810021887,0.0,0.27027757506959643,0.7243439011865188,99,11,2,32,14,0,9,31,0.8409663107017797,0.15903368929822026,0.5551020408163265,0.17722313293902514
2008Q4,2008Q4,2009-02-23 19:41:00,full,44814,657,68.21004566210046,34.6,0.0,0.9719101123595506,0.7720801535234525,0.0,1.0532422903556924,0.37934574017048245,0.04462891060829205,0.14281251394653457,0.4373633239612622,112,17,0,47,17,2,6,23,0.8328269474717448,0.1671730525282552,0.23313460215546888,0.37951001138962737
2009Q1,2009Q1,2009-05-06 16:10:00,full,36417,532,68.453007518797,28.0,3.2,0.7701863354037266,0.7688716808084136,0.08787104923524727,0.6398110772441442,0.8292830271576461,0.0,0.09885493038965316,0.7150506631518251,103,14,2,23,30,0,3,31,0.8278515265829763,0.17214847341702366,-0.201723776955824,0.14170525806805356
2009Q2,2009Q2,2009-08-05 17:00:00,full,38486,556,69.21942446043165,20.0,0.0,0.9523809523809523,0.5196694902042301,0.0,0.4157355921633841,0.5768331341266955,0.5222678376552512,0.23385127059190355,0.6620589305201895,101,10,0,16,22,15,8,30,0.8650463327806075,0.1349536672193925,0.18219461697722572,0.28624459554217385
2009Q3,2009Q3,2009-11-11 16:00:00,full,36238,502,72.18725099601593,8.8,0.0,0.8979591836734694,0.24283900877531875,0.0,0.4691208124068657,0.5657045090788674,0.4718803465974943,0.21524366686903254,0.5982670125282854,86,5,0,17,19,12,7,26,0.8477110504379739,0.1522889495620261,-0.05442176870748294,0.03964595608639154
2009Q4,2009Q4,2010-02-11 18:20:09,full,44282,670,66.09253731343284,25.200000000000003,0.0,0.9618320610687023,0.5690799873537782,0.0,0.4132604670069103,0.5284314168285081,0.18969332911792605,0.09484666455896303,0.4877828463032386,92,15,0,18,22,7,4,26,0.8393565931057426,0.16064340689425738,0.06387287739523295,0.06372291511427752
2010Q1,2010Q1,2010-05-10 17:30:05,full,39745,599,66.35225375626044,12.0,1.5,0.7241379310344828,0.3019247704113725,0.03774059630142156,0.32708516794565357,0.9963517423575293,0.07548119260284313,0.13586614668511765,1.4150207573279645,131,6,1,13,36,2,5,68,0.8265097115942442,0.17349028840575575,-0.23769413003421958,-0.17145170209722982
2010Q2,2010Q2,2010-08-05 18:45:48,full,42987,631,68.12519809825673,16.0,0.0,0.9411764705882353,0.37220555051527204,0.0,0.4722357922162514,0.7118431153604575,0.0697885407216135,0.17679763649475425,0.6374020052574036,98,8,0,20,28,2,7,33,0.8694013715899869,0.13059862841001313,0.21703853955375252,0.05709893854883352
2010Q3,2010Q3,2010-11-02 18:21:02,full,43429,644,67.4363354037267,6.0,4.5,0.13043478260869565,0.13815653135001957,0.10361739851251467,0.439798291464229,0.6493356973450918,0.16578783762002347,0.11052522508001565,0.7920974464067791,100,3,3,19,25,5,4,41,0.8606727732266671,0.13932722677333287,-0.8107416879795396,-0.7508416289825267
2010Q4,2010Q4,2011-01-30 19:23:48,full,43935,636,69.08018867924528,11.0,13.0,-0.08,0.25036986457266414,0.29589165813133034,0.5235006259246614,1.5095026744053726,0.0887674974393991,0.10014794582906567,0.9350176396950038,156,6,12,23,58,3,4,50,0.8626376504918263,0.13736234950817372,-0.21043478260869564,-0.7693953113250289
2011Q1,2011Q1,2011-05-03 18:35:17,full,45608,609,74.88998357963875,3.0,8.5,-0.44,0.06577793369584284,0.18637081213822138,0.5985791966321699,1.5444658831783908,0.06577793369584284,0.11401508507279426,0.8244167689878971,152,2,7,27,63,2,5,46,0.858093020180738,0.14190697981926204,-0.36,-0.8689372960578534
2011Q2,2011Q2,2011-08-12 16:13:59,full,43222,629,68.7154213036566,2.4000000000000004,5.5,-0.348314606741573,0.05552727777520708,0.12725001156818286,0.3701818518347138,1.138309194391745,0.03470454860950442,0.05090000462727315,0.7172273379297583,109,3,5,16,45,1,2,37,0.9003470511338398,0.09965294886616016,0.091685393258427,-0.4862174200408057
2011Q3,2011Q3,2011-11-16 15:30:00,full,42857,614,69.79967426710098,0.8,3.0,-0.45833333333333337,0.018666728889096297,0.07000023333411111,0.5833352777842593,1.194670648902163,0.23800079333597776,0.18200060666868892,0.5833352777842595,121,1,3,25,48,7,7,30,0.8855891654292893,0.11441083457071066,-0.11001872659176037,-0.273863377300114
2011Q4,2011Q4,2012-02-15 17:07:02,full,45085,623,72.36757624398074,13.600000000000001,3.0,0.6022727272727273,0.3016524342907841,0.06654097815237883,0.6033048685815682,1.1977376067428191,0.286126206055229,0.2218032605079295,0.7718753465675948,150,8,3,27,51,10,10,41,0.8868812379806481,0.11311876201935189,1.0606060606060606,0.9339347122914539
2012Q1,2012Q1,2012-05-10 19:02:49,full,41161,603,68.2603648424544,3.4000000000000004,3.0,0.0540540540540541,0.0826024634969996,0.07288452661499964,0.46160200189499767,0.9270911785427954,0.24294842204999878,0.208935642962999,0.5636403391559973,106,4,3,19,37,8,8,27,0.8707380547169759,0.12926194528302415,-0.5482186732186732,0.21514785725459884
2012Q2,2012Q2,2012-08-02 17:22:09,full,41444,581,71.33218588640275,4.5,2.0,0.3333333333333333,0.10858025287134446,0.048257890165041985,0.7962551877231927,0.9651578033008398,0.2050960332014284,0.21716050574268891,0.6104623105877813,121,3,2,33,39,7,8,29,0.8899945032848795,0.1100054967151205,0.2792792792792792,0.37091362302036457
2012Q3,2012Q3,2012-11-02 18:06:12,full,42523,620,68.58548387096774,2.8,2.0,0.1379310344827586,0.06584671824659595,0.04703337017613997,0.49385038684946964,0.7562965924323306,0.2774968840392258,0.1693201326341039,0.48914704983185586,95,2,2,21,30,10,6,24,0.8748147519168632,0.1251852480831368,-0.19540229885057472,0.0050993391510632535
2012Q4,2012Q4,2013-02-06 18:49:42,full,45937,671,68.46050670640835,8.5,5.4,0.20805369127516776,0.18503602760302154,0.1175522998889784,0.6182380216383307,0.8838191436097265,0.17850534427585607,0.29605764416483443,0.6791910660252088,133,5,5,28,38,7,12,38,0.859652943601378,0.140347056398622,0.07012265679240917,-0.07384409601055059
2013Q1,2013Q1,2013-05-09 18:43:08,full,42714,622,68.67202572347267,3.0,2.2,0.1290322580645161,0.0702345835089198,0.05150536123987452,0.3535140703282296,1.4421501147164864,0.2903029451702018,0.22943297279580468,0.6602050849838463,130,2,2,15,59,10,9,33,0.8740166994367329,0.12598330056326712,-0.07902143321065166,-0.054310770221812354
2013Q2,2013Q2,2013-08-02 17:29:20,full,43996,646,68.10526315789474,7.0,4.0,0.25,0.1591053732157469,0.09091735612328393,0.7750704609509955,0.972815710519138,0.19319938176197834,0.27729793617601595,0.9182652968451676,151,7,4,34,39,7,11,49,0.8951835303803082,0.10481646961969182,0.1209677419354839,0.04791242071105606
2013Q3,2013Q3,2013-11-05 16:12:14,full,44994,652,69.00920245398773,3.2,6.0,-0.27450980392156865,0.07112059385695871,0.13335111348179757,0.6511979375027782,0.5111792683468906,0.18224652175845668,0.23558696715117575,0.6063030626305732,109,3,5,29,22,7,10,33,0.8957601189933201,0.10423988100667991,-0.5245098039215687,-0.4557640498771793
2013Q4,2013Q4,2014-02-08 18:52:32,full,48559,715,67.91468531468531,11.0,5.5,0.3142857142857143,0.22652855289441712,0.11326427644720856,0.6301612471426512,0.580736835602051,0.11944232788978357,0.15898185712226365,0.6466360509895183,119,9,5,30,26,5,7,37,0.8946047804517284,0.10539521954827158,0.5887955182072829,0.23614167793118546
2014Q1,2014Q1,2014-05-06 18:55:09,full,43555,685,63.583941605839414,2.0,7.0,-0.5,0.04591895304787051,0.16071633566754678,0.48214900700264035,0.6658248191941222,0.2663299276776489,0.3535759384686029,0.6851107794742283,116,2,6,21,27,10,14,36,0.8822644891096696,0.11773551089033041,-0.8142857142857143,-0.6047020421071654
2014Q2,2014Q2,2014-08-01 20:02:13,full,43561,645,67.53643410852713,35.4,7.1,0.650574712643678,0.8126535203507724,0.16298983035283854,0.7185326324005418,0.8204586671564013,0.22038061568834508,0.2525194554762287,0.37648355180092297,128,20,6,31,33,8,10,20,0.8990595742995566,0.10094042570044337,1.150574712643678,0.7031307350526417
2014Q3,2014Q3,2014-11-06 17:23:57,full,46919,675,69.50962962962963,20.3,3.0,0.7119341563786008,0.43266054263731113,0.06393998167053859,0.49020652614079585,0.7267844583217885,0.18542594684456193,0.17903194867750807,0.3324879046868008,107,15,3,23,32,7,8,19,0.8993725589342227,0.10062744106577726,0.06135944373492275,0.6643465006266449
2014Q4,2014Q4,2015-02-10 17:47:18,full,49482,700,70.68857142857142,26.1,4.5,0.6835443037974683,0.5274645325572936,0.09094216078574027,0.5133179742128451,0.6446788731255809,0.14550745725718445,0.2869730407016693,0.45268986702235176,120,15,4,25,30,6,13,27,0.8797311893689349,0.12026881063106509,-0.02838985258113247,0.38934565797047005
2015Q1,2015Q1,2015-05-08 17:51:52,full,47535,703,67.61735419630156,40.4,1.0,0.9292452830188679,0.8499000736299569,0.021037130535394973,0.7930998211843906,0.6395287682760071,0.1514673398548438,0.16829704428315978,0.9298411696644576,156,23,1,37,29,6,7,53,0.8674767526460649,0.13252324735393506,0.24570097922139955,0.5427319898139311
2015Q2,2015Q2,2015-08-07 18:19:14,full,47058,678,69.40707964601769,21.2,5.5,0.5667870036101083,0.45050788388796803,0.1168770453482936,0.799013982744698,0.4675081813931744,0.12750223128904756,0.09350163627863488,0.5227591482850953,116,14,5,37,21,5,4,30,0.8921923140884329,0.10780768591156709,-0.36245827940875963,-0.17703761034954557
2015Q3,2015Q3,2015-11-06 19:15:23,full,47710,696,68.54885057471265,37.9,3.0,0.8329355608591885,0.7943827289876336,0.06287989939216097,0.6518549570320687,0.9100817438692098,0.17606371829805073,0.1467197652483756,0.42758331586669474,133,21,3,31,41,7,6,24,0.8939536581947566,0.10604634180524342,0.26614855724908026,0.11005787415792723
2015Q4,2015Q4,2016-02-06 14:10:10,full,55006,769,71.52925877763329,20.1,6.5,0.4927536231884058,0.36541468203468713,0.11816892702614261,0.5453950478129659,0.5490310147983856,0.28360542486274215,0.287241391848162,0.29451332581900164,123,12,6,30,28,13,15,19,0.8837421397636247,0.1162578602363753,-0.3401819376707827,-0.2603744146330024
2016Q1,2016Q1,2016-05-06 19:57:59,full,45216,662,68.30211480362537,23.6,6.7,0.5399361022364217,0.5219391365888182,0.14817763623496108,0.6480007077140835,0.8678343949044585,0.24416135881104029,0.3516454352441613,0.5705944798301489,138,14,5,29,36,9,14,31,0.8718499736847823,0.12815002631521766,0.047182479048015924,-0.16549426543272094
2016Q2,2016Q2,2016-08-05 19:09:56,full,49844,673,74.06240713224369,14.100000000000001,4.0,0.5287958115183247,0.28288259369232005,0.08025038118931065,0.5617526683251746,0.49153358478452763,0.23673862450846636,0.49353984431426035,0.7904662547147097,145,9,4,28,23,10,23,48,0.8937734064582014,0.10622659354179864,-0.011140290718097079,-0.07930726095520635
2016Q3,2016Q3,2016-11-08 19:05:39,full,48933,633,77.30331753554502,11.3,4.0,0.44785276073619634,0.23092800359675475,0.08174442605194858,0.5926470888766272,0.6130831953896143,0.29632354443831355,0.38419880244415827,0.6294320806000044,135,8,4,29,28,12,17,37,0.8971630107226205,0.1028369892773795,-0.08094305078212832,-0.15075251371438886
2016Q4,2016Q4,2017-02-17 19:44:17,full,54221,715,75.83356643356643,3.0,2.5,0.07692307692307693,0.055329116025156305,0.04610759668763026,0.5532911602515631,0.822559524907324,0.2766455801257815,0.27295697239077105,0.5200936906364696,135,2,2,30,42,12,13,34,0.9539353402678473,0.04606465973215268,-0.3709296838131194,-0.42541149749676016
2017Q1,2017Q1,2017-05-12 19:47:16,full,47820,629,76.02543720190779,31.400000000000002,5.34,0.6905140434552199,0.6566290255123379,0.11166875784190715,0.6900878293601004,0.7402760351317439,0.27812630698452523,0.27185278126306983,0.6189878711836055,146,19,4,33,32,11,11,36,0.9565343471687396,0.04346565283126036,0.6135909665321431,0.292137105601715
2017Q2,2017Q2,2017-08-11 20:37:37,full,49230,670,73.4776119402985,11.4,7.75,0.18114143920595538,0.23156611822059722,0.15742433475523057,0.4915701807840748,0.532195815559618,0.3006296973390209,0.27625431647369486,0.7475116798699981,131,9,5,24,24,12,12,45,0.9013265740051287,0.09867342599487128,-0.5093726042492646,-0.2548799839522491
2017Q3,2017Q3,2017-11-17 22:43:24,full,52092,726,71.75206611570248,23.3,6.0,0.570957095709571,0.44728557168087235,0.1151808339092375,0.915687629578438,0.7932120095216156,0.4376871688551024,0.17661061199416417,0.6227443753359445,169,12,4,49,38,19,8,39,0.8861257604571071,0.11387423954289289,0.3898156565036156,0.22184926562945884
2017Q4,2017Q4,2018-02-14 17:24:57,full,52800,753,70.11952191235059,17.400000000000002,3.0,0.6728971962616823,0.3295454545454546,0.05681818181818182,1.0037878787878787,1.495454545454547,0.40151515151515144,0.24242424242424238,0.6856060606060609,209,11,2,55,68,18,11,44,0.8848238778389863,0.1151761221610137,0.10194010055211133,0.29301328243822655
2018Q1,2018Q1,2018-05-11 21:09:24,full,45894,652,70.38957055214723,16.4,0.0,0.9425287356321839,0.3573451867346494,0.0,0.7451954503856714,0.7765721009282259,0.24839848346189042,0.3015644746589968,0.6667538240292853,137,11,0,36,32,9,12,37,0.8775622253129803,0.12243777468701966,0.26963153937050155,0.4136512919740767
2018Q2,2018Q2,2018-08-10 21:35:21,full,47902,675,70.96592592592593,25.5,5.0,0.6507936507936508,0.5323368544110892,0.10437977537472339,0.9352427873575214,0.6054026971733956,0.24633626988434715,0.27556260698926976,0.8183374389378314,159,14,4,46,27,10,12,46,0.8952907480982876,0.10470925190171243,-0.29173508483853305,0.058912534091302704
2018Q3,2018Q3,2018-11-09 22:15:03,full,47868,683,70.08491947291361,33.8,3.5,0.7911227154046997,0.706108464945266,0.07311774045291217,0.8795019637336007,0.8983036684214925,0.33843068438205054,0.3718559371605248,0.7905072282109136,178,19,3,42,41,13,17,43,0.8889092818619493,0.11109071813805071,0.14032906461104888,0.08182854580542764
2018Q4,2018Q4,2019-02-21 19:42:13,full,51318,738,69.53658536585365,49.4,17.5,0.46980854197349037,0.9626251997349858,0.3410109513231225,1.03082738999961,0.7073541447445341,0.3332164152928796,0.2883978331189836,0.7638645309637946,205,30,16,52,33,14,14,46,0.8842363427708754,0.11576365722912463,-0.3213141734312093,-0.29452703254956386
2019Q1,2019Q1,2019-05-17 20:24:55,full,47980,709,67.67277856135402,45.8,17.6,0.43788819875776386,0.9545644018340975,0.3668195081283869,1.4568570237599,0.6919549812421842,0.2313463943309712,0.3167986661108795,0.7836598582742812,217,30,16,73,31,9,13,45,0.8756715418267698,0.12432845817323024,-0.03192034321572651,-0.2756752121932423
2019Q2,2019Q2,2019-08-09 21:52:59,full,47767,695,68.7294964028777,58.4,8.5,0.7349042709867452,1.222601377520045,0.17794711830343124,1.4089224778612848,0.7201624552515332,0.25749994766261225,0.2972763623422027,0.6824795360813954,204,33,8,69,32,10,13,39,0.8978024003099812,0.10219759969001885,0.2970160722289813,0.14750099425434393
2019Q3,2019Q3,2019-11-16 09:00:00,full,44427,614,72.35667752442997,74.2,15.0,0.656319290465632,1.6701555360478988,0.33763252076440003,0.8058162828910347,0.9507731784725507,0.27910955049857067,0.2926148513291467,0.5267067323924642,181,41,13,37,39,11,12,28,0.8813161738166162,0.1186838261833838,-0.07858498052111318,0.04788835868495722
2019Q4,2019Q4,2020-02-19 20:29:12,full,42544,641,66.37129485179408,78.80000000000001,7.0,0.8271889400921659,1.852200075216247,0.16453553967657014,1.3562429484768708,0.4701015419330575,0.49360661902971037,0.18804061677322303,0.7023317036479882,193,47,7,60,19,18,7,35,0.9432611788802236,0.05673882111977635,0.17086964962653395,0.2524588645462581
2020Q1,2020Q1,2020-05-10 09:00:20,full,42938,631,68.04754358161648,52.0,9.0,0.6935483870967742,1.2110484885183286,0.20960454608971074,0.9245889421957241,0.4471563649913829,0.47044575900135066,0.21659136429270112,0.6381293958731196,157,33,9,40,18,17,8,32,0.9496508016660241,0.050349198333975886,-0.13364055299539168,0.02947321202119757
2020Q2,2020Q2,2020-08-06 18:01:45,full,44062,613,71.87928221859707,36.89999999999999,9.0,0.5948827292110873,0.8374563115609821,0.20425763696609325,0.8329172529617358,0.5946166765012935,0.42894103762879576,0.17248422677136763,0.71717125868095,157,25,9,37,24,17,7,38,0.9523675084588712,0.04763249154112881,-0.09866565788568693,-0.13310749294924207
2020Q3,2020Q3,2020-11-26 17:00:36,full,47612,649,73.36209553158706,36.900000000000006,11.0,0.5296523517382413,0.7750147021759222,0.23103419306057296,0.8233218516340416,0.47046962950516674,0.6069898344955051,0.2940435184407292,0.6889019574897087,177,28,10,41,21,24,13,40,0.9544201099428232,0.045579890057176775,-0.06523037747284599,-0.16333248497817354
2020Q4,2020Q4,2021-02-08 22:20:39,full,51218,688,74.44476744186046,25.5,11.0,0.38666666666666666,0.49787184193057127,0.2147682455386778,0.6735913155531261,0.5115389121012143,0.531453785778437,0.21086336834706546,0.6521144909992581,162,19,9,37,25,23,10,39,0.9634719075342769,0.03652809246572308,-0.14298568507157466,-0.27465143536790054
2021Q1,2021Q1,2021-05-11 18:56:38,full,41970,587,71.49914821124361,21.500000000000004,15.0,0.17333333333333342,0.5122706695258519,0.35739814152966404,0.9649749821300931,1.4105313319037414,0.7576840600428876,0.16678579938050989,1.0455086966881102,216,19,12,43,54,28,7,53,0.9430469604484027,0.05695303955159725,-0.21333333333333324,-0.37785420034485895
2021Q2,2021Q2,2021-08-09 18:13:50,full,45134,609,74.11165845648604,24.400000000000002,13.0,0.296875,0.5406123986351753,0.2880311959941507,0.930562325519564,1.421544733460363,0.6624717507865465,0.09216998271812825,1.1219922896264451,223,18,12,45,58,26,4,60,0.9496372662229549,0.05036273377704514,0.12354166666666658,-0.12425877023733217
2021Q3,2021Q3,2021-11-19 19:54:16,full,46136,609,75.75697865353038,36.5,9.5,0.574468085106383,0.7911392405063291,0.2059129530084966,0.8409918501820702,0.6134038494884688,0.5115311253684757,0.1777353910178602,0.7412866308305881,171,27,8,40,27,20,8,41,0.9540021487257254,0.04599785127427458,0.27759308510638303,0.22783624717182271
2021Q4,2021Q4,2022-02-11 19:33:17,full,49987,697,71.71736011477762,48.2,17.5,0.4602698650674663,0.9642507051833477,0.3500910236661532,1.232320403304859,0.7161862084141875,0.7261888090903634,0.17604577190069418,0.7321903694960691,226,35,15,62,32,31,8,43,0.9559766608375988,0.0440233391624012,-0.11419822003891672,0.10243409379087054
2022Q1,2022Q1,2022-05-09 17:30:20,full,42855,597,71.78391959798995,32.400000000000006,14.0,0.3881856540084389,0.7560378018900947,0.32668300081670754,0.8703768521759421,0.699101621747754,1.1760588029401478,0.261346400653366,0.4993583012483959,176,22,11,37,28,43,10,25,0.9575771102344026,0.04242288976559738,-0.0720842110590274,0.011949083131643223
2022Q2,2022Q2,2022-08-10 18:00:15,full,47191,600,78.65166666666667,40.099999999999994,12.599999999999998,0.5121042830540038,0.8497382975567374,0.2670000635714436,0.841262105062406,2.1936386175330056,0.44923820219957183,0.1966476658684919,0.6420715814456148,234,29,10,39,94,18,9,35,0.9565091020191928,0.043490897980807186,0.12391862904556489,0.08215463200843176
2022Q3,2022Q3,2022-11-16 20:07:00,full,45523,597,76.25293132328308,23.900000000000002,15.5,0.20792079207920794,0.5250093359400743,0.3404872262372866,0.5162225688113701,1.4401511323946146,0.573336555147947,0.12301473980185838,0.6238604661379964,178,22,11,24,59,22,6,34,0.9625214647059379,0.03747853529406209,-0.30418349097479586,-0.27583617972986507
2022Q4,2022Q4,2023-02-24 18:32:30,full,49682,677,73.38552437223044,43.800000000000004,17.15,0.43018563357546413,0.8816070206513426,0.34519544301759186,0.9399782617446962,1.2986594742562707,1.0575258644982093,0.19725453886719538,0.7447365242945132,252,34,13,48,59,44,9,45,0.9456658892327112,0.05433411076728878,0.2222648414962562,0.03806548502318491
2023Q1,2023Q1,2023-05-15 17:00:30,full,40888,625,65.4208,41.4,11.0,0.5692883895131086,1.0125220113480728,0.2690275875562512,0.9733907258853453,2.1375464684014878,0.7522989630209351,0.17609078458227354,0.660340442183526,232,33,10,41,82,26,7,33,0.9461283260303666,0.05387167396963344,0.13910275593764443,0.1846892988338299
2023Q2,2023Q2,2023-08-17 17:34:30,full,40571,617,65.75526742301459,47.2,13.15,0.5550122249388754,1.1633925710482858,0.32412314214586774,0.8971925759779155,0.8799388725937247,0.39732814079021955,0.18979073722609746,0.6112740627541844,169,37,11,38,33,13,7,30,0.9643797159043261,0.03562028409567386,-0.014276164574233197,0.12513745038342927
2023Q3,2023Q3,2023-11-27 19:50:30,full,43609,594,73.41582491582491,45.400000000000006,7.0,0.7191011235955056,1.0410695040014677,0.1605173244055126,0.9837418881423557,0.7452590061684514,0.5026485358526908,0.10089660391203652,0.3990002063794172,160,35,7,45,30,18,4,21,0.9549787547709254,0.04502124522907458,0.16408889865663023,0.2784993635688416
2023Q4,2023Q4,2024-02-08 18:19:21,full,45933,700,65.61857142857143,44.5,6.0,0.7475728155339806,0.968802386084079,0.13062504082032525,0.9535627979883742,0.8011669170313281,0.43628763633988626,0.22206256939455293,0.49637515511723623,176,36,6,47,34,16,9,28,0.9517261193769309,0.04827388062306914,0.028471691938474986,0.17917597262824214
2024Q1,2024Q1,2024-05-10 20:17:00,full,39529,644,61.380434782608695,41.099999999999994,7.68,0.6713539574126155,1.0397429735131167,0.19428773811631964,1.2016494219433824,0.8019428773811631,0.5514938399655948,0.32887247337397857,0.7083407118824158,183,30,8,51,30,18,12,34,0.958008995587325,0.041991004412675004,-0.07621885812136509,0.02361031901724797
2024Q2,2024Q2,2024-08-09 18:34:00,full,43591,689,63.26705370101597,56.5,10.1,0.6863905325443788,1.2961391112844394,0.23169920396412103,0.7616251060998832,0.9038563006125115,0.4588103048794475,0.2844623890252575,0.9818540524420174,203,38,9,37,37,17,12,53,0.9667007062584804,0.03329929374151963,0.015036575131763263,0.013130502174134473
2024Q3,2024Q3,2024-11-08 17:01:00,full,42788,661,64.732223903177,66.29999999999998,8.18,0.770005299417064,1.5494998597737681,0.1911750958212583,0.8034963073758997,0.8184537720856314,0.4398429466205478,0.16827147798448164,0.4954660185098628,174,48,7,37,33,16,7,26,0.9659441178009012,0.03405588219909883,0.08361476687268521,0.0639006921454438
2024Q4,2024Q4,2025-02-13 17:05:21,full,44954,642,70.02180685358256,69.1,5.0,0.8535286284953395,1.5371268407705654,0.11122480758108289,1.0690928504693686,0.7296347377319037,0.5232014948614139,0.18685767673621925,0.5917159763313612,193,45,4,53,31,20,8,32,0.9625965162809256,0.037403483719074426,0.08352332907827553,0.13469797726832977
2025Q1,2025Q1,2025-05-09 17:40:30,full,43089,671,64.21609538002981,64.3,1.6,0.9372197309417041,1.4922602056209242,0.03713244679616608,1.0940147137320428,1.0100025528557173,0.587620970549328,0.385249135510223,0.48272180835015915,195,41,1,50,42,21,15,25,0.9581040735836721,0.04189592641632789,0.08369110244636457,0.19190012647435462
2025Q2,2025Q2,2025-08-15 18:00:29,full,43235,651,66.41321044546851,63.07999999999999,3.0,0.8956469886702446,1.4590031224702207,0.06938822713079681,1.0389730542384643,0.7031340349254076,0.35943101653752746,0.22204232681854977,0.49959523534173733,170,42,2,49,29,13,9,26,0.9608719641868857,0.039128035813114304,-0.04157274227145946,0.08386094082062312
2025Q3,2025Q3,2025-11-11 17:00:27,full,39082,612,63.85947712418301,56.1,1.0,0.9483648881239243,1.4354434266414207,0.02558722685635331,1.1427255514047387,0.7266772427204339,0.3919963154393326,0.3889258482165703,0.5670129471367896,169,39,1,48,27,13,14,27,0.9430748068871703,0.05692519311282973,0.05271789945367966,0.08426472624283621
2025Q4,2025Q4,2026-02-10 19:23:18,full,45926,683,67.2415812591508,54.49999999999999,0.0,0.9819819819819819,1.1866916343683314,0.0,1.114836911553368,0.6401602578060357,0.3309672081174062,0.2438705744022993,0.29612855463136356,156,33,0,56,27,13,11,16,0.9417075467140346,0.05829245328596544,0.03361709385805767,0.07329192292417885
2026Q1,2026Q1,2026-05-11 19:22:25,full,39387,626,62.9185303514377,39.400000000000006,2.0,0.8820754716981132,1.000330058141011,0.05077817554015284,1.07649732145124,0.7911239749155812,0.6987076954325029,0.44684794475334494,0.4895016122070736,165,27,2,45,28,23,17,23,0.9299147526453132,0.0700852473546868,-0.09990651028386877,-0.05872792573135055
2006Q1,2006Q1,2006-05-31 14:12:00,guidance,0,1,0.0,0.0,0.0,0.0,0.0,0.0,0.0,0.0,0.0,0.0,0.0,0,0,0,0,0,0,0,0,,,,
2006Q2,2006Q2,2006-08-10 00:01:00,guidance,1532,30,51.06666666666667,0.0,0.0,0.0,0.0,0.0,3.91644908616188,0.0,0.0,0.7832898172323759,1.6971279373368147,10,0,0,6,0,0,1,3,0.0,1.0,0.0,
2006Q3,2006Q3,2006-11-14 17:01:00,guidance,818,11,74.36363636363636,0.0,1.0,-0.5,0.0,1.2224938875305624,1.2224938875305624,0.0,0.0,1.466992665036675,2.2004889975550124,5,0,1,1,0,0,1,2,0.2051143530491875,0.7948856469508125,-0.5,-0.5
2006Q4,2006Q4,2007-02-09 17:45:00,guidance,0,1,0.0,0.0,0.0,0.0,0.0,0.0,0.0,0.0,0.0,0.0,0.0,0,0,0,0,0,0,0,0,0.0,1.0,0.5,0.16666666666666666
2007Q1,2007Q1,2007-05-10 19:40:00,guidance,1025,15,68.33333333333333,0.8,1.0,-0.07142857142857141,0.7804878048780489,0.9756097560975611,3.9024390243902443,0.0,0.0,0.0,0.9756097560975611,7,1,1,4,0,0,0,1,0.0,1.0,-0.07142857142857141,0.05357142857142859
2007Q2,2007Q2,2007-08-08 17:30:00,guidance,0,1,0.0,0.0,0.0,0.0,0.0,0.0,0.0,0.0,0.0,0.0,0.0,0,0,0,0,0,0,0,0,0.0,1.0,0.07142857142857141,0.14285714285714285
2007Q3,2007Q3,2007-11-08 17:57:00,guidance,1001,18,55.611111111111114,0.8,0.0,0.4444444444444445,0.7992007992007993,0.0,1.9980019980019983,0.0,0.0,0.0,2.597402597402598,6,1,0,2,0,0,0,3,0.0,1.0,0.4444444444444445,0.5873015873015873
2007Q4,2007Q4,2008-02-22 17:02:00,guidance,0,1,0.0,0.0,0.0,0.0,0.0,0.0,0.0,0.0,0.0,0.0,0.0,0,0,0,0,0,0,0,0,0.0,1.0,-0.4444444444444445,-0.09325396825396827
2008Q1,2008Q1,2008-05-14 17:59:00,guidance,1177,23,51.17391304347826,0.0,0.0,0.0,0.0,0.0,2.7187765505522514,1.699235344095157,0.0,0.0,3.058623619371283,9,0,0,3,2,0,0,4,0.0,1.0,0.0,-0.09325396825396827
2008Q2,2008Q2,2008-08-15 16:23:00,guidance,1426,34,41.94117647058823,0.8,0.0,0.4444444444444445,0.5610098176718094,0.0,1.402524544179523,0.7012622720897616,0.0,0.7012622720897616,1.402524544179523,7,1,0,2,1,0,1,2,0.27060348189444433,0.7293965181055557,0.4444444444444445,0.33333333333333337
2008Q3,2008Q3,2008-11-17 18:59:00,guidance,886,18,49.22222222222222,2.8,0.0,0.7368421052631579,3.1602708803611734,0.0,3.386004514672686,0.0,0.0,0.0,2.2573363431151243,7,2,0,3,0,0,0,2,0.11485939099213986,0.8851406090078602,0.2923976608187134,0.5146198830409356
2008Q4,2008Q4,2009-02-23 19:41:00,guidance,1478,35,42.22857142857143,2.0,0.0,0.6666666666666666,1.3531799729364005,0.0,1.3531799729364005,0.6765899864682002,0.0,0.0,1.3531799729364005,6,1,0,2,1,0,0,2,0.12674705995228935,0.8732529400477107,-0.07017543859649122,0.37134502923976603
2009Q1,2009Q1,2009-05-06 16:10:00,guidance,1170,20,58.5,0.0,1.6,-0.6153846153846154,0.0,1.3675213675213678,0.0,0.0,0.0,0.0,1.7094017094017095,3,0,1,0,0,0,0,2,0.20839494371160863,0.7916050562883914,-1.282051282051282,-1.0773729194781827
2009Q2,2009Q2,2009-08-05 17:00:00,guidance,1088,24,45.333333333333336,4.0,0.0,0.8,3.676470588235294,0.0,0.9191176470588235,0.0,2.205882352941176,0.0,1.838235294117647,7,2,0,1,0,2,0,2,0.27419982598706216,0.7258001740129378,1.4153846153846155,0.4918578497525867
2009Q3,2009Q3,2009-11-11 16:00:00,guidance,1229,25,49.16,2.8,0.0,0.7368421052631579,2.278275020341741,0.0,0.8136696501220504,0.9764035801464604,0.9764035801464604,0.0,1.4646053702196908,7,2,0,1,1,1,0,2,0.2824629879482942,0.7175370120517057,-0.06315789473684219,0.3398110661268556
2009Q4,2009Q4,2010-02-11 18:20:09,guidance,1400,27,51.851851851851855,3.5999999999999996,0.0,0.782608695652174,2.571428571428571,0.0,1.4285714285714286,0.8571428571428572,0.0,0.0,2.571428571428571,10,3,0,2,1,0,0,4,0.27520211721876403,0.724797882781236,0.04576659038901609,0.3855776565158717
2010Q1,2010Q1,2010-05-10 17:30:05,guidance,1311,21,62.42857142857143,2.0,0.0,0.6666666666666666,1.5255530129672006,0.0,2.288329519450801,0.9153318077803204,1.1441647597254005,0.0,2.1357742181540806,9,1,0,3,1,1,0,3,0.3886652825781473,0.6113347174218526,-0.11594202898550732,0.24065012028398758
2010Q2,2010Q2,2010-08-05 18:45:48,guidance,1416,25,56.64,2.0,0.0,0.6666666666666666,1.4124293785310735,0.0,1.4124293785310735,1.694915254237288,1.0593220338983051,0.0,2.542372881355932,10,1,0,2,2,1,0,4,0.4677368098745056,0.5322631901254944,0.0,-0.0798627002288329
2010Q3,2010Q3,2010-11-02 18:21:02,guidance,1575,29,54.310344827586206,2.0,0.0,0.6666666666666666,1.2698412698412698,0.0,1.2698412698412698,1.5238095238095237,0.9523809523809524,0.0,3.4285714285714284,12,1,0,2,2,1,0,6,0.7339045509739519,0.2660954490260481,0.0,-0.04652936689549969
2010Q4,2010Q4,2011-01-30 19:23:48,guidance,362,3,120.66666666666667,0.0,1.0,-0.5,0.0,2.7624309392265194,0.0,3.314917127071823,0.0,0.0,12.154696132596683,7,0,1,0,1,0,0,5,0.10274259049228104,0.8972574095077189,-1.1666666666666665,-1.1956521739130435
2011Q1,2011Q1,2011-05-03 18:35:17,guidance,1692,35,48.34285714285714,1.0,1.0,0.0,0.5910165484633569,0.5910165484633569,1.773049645390071,2.009456264775414,0.0,0.0,2.127659574468085,12,1,1,3,3,0,0,4,0.08708438522154376,0.9129156147784563,0.5,-0.37499999999999994
2011Q2,2011Q2,2011-08-12 16:13:59,guidance,1500,28,53.57142857142857,0.0,1.0,-0.5,0.0,0.6666666666666666,1.3333333333333333,2.266666666666667,1.0,0.0,3.5999999999999996,13,0,1,2,3,1,0,6,0.46575809396621654,0.5342419060337835,-0.5,-0.7083333333333333
2011Q3,2011Q3,2011-11-16 15:30:00,guidance,1530,23,66.52173913043478,0.0,1.0,-0.5,0.0,0.6535947712418301,0.6535947712418301,1.4379084967320261,1.9607843137254901,0.0,2.4836601307189543,10,0,1,1,2,2,0,4,0.4021829115495712,0.5978170884504288,0.0,-0.41666666666666663
2011Q4,2011Q4,2012-02-15 17:07:02,guidance,1567,29,54.03448275862069,0.8,1.0,-0.07142857142857141,0.5105296745373326,0.6381620931716656,1.2763241863433312,1.4039566049776644,3.2546266751754946,0.0,1.6592214422463307,13,1,1,2,2,4,0,3,0.3443757294672033,0.6556242705327967,0.4285714285714286,0.3035714285714286
2012Q1,2012Q1,2012-05-10 19:02:49,guidance,1876,35,53.6,1.0,1.0,0.0,0.5330490405117271,0.5330490405117271,1.5991471215351813,1.0660980810234542,2.0788912579957355,0.0,2.1321961620469083,14,1,1,3,2,3,0,4,0.41192986500079676,0.5880701349992032,0.07142857142857141,0.26785714285714285
2012Q2,2012Q2,2012-08-02 17:22:09,guidance,1936,36,53.77777777777778,1.0,0.0,0.5,0.5165289256198348,0.0,1.5495867768595042,1.1363636363636365,2.634297520661157,0.0,2.479338842975207,15,1,0,3,2,4,0,5,0.5632245990103779,0.4367754009896221,0.5,0.7678571428571429
2012Q3,2012Q3,2012-11-02 18:06:12,guidance,1977,32,61.78125,0.0,0.0,0.0,0.0,0.0,1.5174506828528072,1.112797167425392,3.5407182599898834,0.0,1.9221041982802223,15,0,0,3,2,6,0,4,0.5933605509762301,0.4066394490237699,-0.5,0.017857142857142877
2012Q4,2012Q4,2013-02-06 18:49:42,guidance,1851,29,63.827586206896555,1.0,1.0,0.0,0.5402485143165856,0.5402485143165856,2.1609940572663424,1.1885467314964886,3.1334413830361965,0.0,0.5402485143165856,14,1,1,4,2,5,0,1,0.5344453002757371,0.4655546997242629,0.0,-0.10714285714285712
2013Q1,2013Q1,2013-05-09 18:43:08,guidance,1995,40,49.875,1.0,0.0,0.5,0.5012531328320802,0.0,1.0025062656641603,0.6015037593984962,4.260651629072681,0.0,1.0025062656641603,13,1,0,2,1,7,0,2,0.5814279751918142,0.4185720248081858,0.5,0.375
2013Q2,2013Q2,2013-08-02 17:29:20,guidance,2091,40,52.275,1.0,1.0,0.0,0.4782400765184122,0.4782400765184122,1.4347202295552366,0.0,2.7737924438067907,0.0,0.8608321377331419,12,1,1,3,0,5,0,2,0.4413256447638514,0.5586743552361486,-0.5,-0.24999999999999997
2013Q3,2013Q3,2013-11-05 16:12:14,guidance,2401,44,54.56818181818182,1.0,1.0,0.0,0.41649312786339027,0.41649312786339027,1.249479383590171,0.0,2.915451895043732,0.0,1.0828821324448148,14,1,1,3,0,6,0,3,0.709037473230215,0.29096252676978496,0.0,-0.12499999999999997
2013Q4,2013Q4,2014-02-08 18:52:32,guidance,2718,47,57.829787234042556,1.0,1.0,0.0,0.36791758646063283,0.36791758646063283,0.7358351729212657,0.0,1.6924208977189108,0.0,1.030169242089772,11,1,1,2,0,4,0,3,0.5238587834842722,0.4761412165157278,0.0,-0.12499999999999997
2014Q1,2014Q1,2014-05-06 18:55:09,guidance,1621,28,57.892857142857146,0.0,1.0,-0.5,0.0,0.6169031462060457,1.8507094386181369,0.0,0.0,0.0,0.6169031462060457,5,0,1,3,0,0,0,1,0.42566270916855525,0.5743372908314448,-0.5,-0.625
2014Q2,2014Q2,2014-08-01 20:02:13,guidance,2912,52,56.0,3.8,1.0,0.48275862068965514,1.304945054945055,0.3434065934065934,1.0302197802197803,0.0,2.0604395604395607,0.0,0.3434065934065934,13,3,1,3,0,5,0,1,0.5868998417388626,0.41310015826113744,0.9827586206896551,0.6077586206896551
2014Q3,2014Q3,2014-11-06 17:23:57,guidance,2914,52,56.03846153846154,4.6,1.0,0.5454545454545454,1.5785861358956759,0.34317089910775567,1.029512697323267,0.0,2.059025394646534,0.0,0.34317089910775567,14,4,1,3,0,5,0,1,0.8476837444005265,0.15231625559947348,0.06269592476489028,0.5497648902821317
2014Q4,2014Q4,2015-02-10 17:47:18,guidance,3009,47,64.02127659574468,3.0,1.0,0.4,0.9970089730807578,0.33233632436025257,0.9970089730807578,0.0,1.9940179461615155,0.0,0.5982053838484547,13,2,1,3,0,5,0,2,0.6480015999885674,0.35199840001143257,-0.1454545454545454,0.2679467084639499
2015Q1,2015Q1,2015-05-08 17:51:52,guidance,3007,45,66.82222222222222,3.8,1.0,0.48275862068965514,1.2637179913535084,0.3325573661456601,1.3302294645826405,0.3325573661456601,1.9953441968739607,0.0,0.5986032590621883,16,3,1,4,1,5,0,2,0.8210462871258773,0.17895371287412265,0.08275862068965512,0.250705329153605
2015Q2,2015Q2,2015-08-07 18:19:14,guidance,2937,46,63.84782608695652,2.8,1.0,0.375,0.9533537623425263,0.3404834865509023,2.042900919305414,0.0,1.634320735444331,0.0,0.885257065032346,16,2,1,6,0,4,0,3,0.7497156556049898,0.25028434439501024,-0.10775862068965514,-0.10274294670846396
2015Q3,2015Q3,2015-11-06 19:15:23,guidance,2701,48,56.270833333333336,2.0,1.0,0.25,0.7404664938911514,0.3702332469455757,1.8511662347278786,0.0,2.2213994816734544,0.0,0.3702332469455757,13,1,1,5,0,5,0,1,0.5852611869431991,0.41473881305680094,-0.125,-0.20080329153605014
2015Q4,2015Q4,2016-02-06 14:10:10,guidance,2836,46,61.65217391304348,2.8,1.0,0.375,0.9873060648801129,0.3526093088857546,2.1156558533145278,0.0,1.692524682651622,0.0,0.3526093088857546,14,2,1,6,0,4,0,1,0.5486537589104675,0.4513462410895325,0.125,-0.00193965517241379
2016Q1,2016Q1,2016-05-06 19:57:59,guidance,3002,49,61.265306122448976,0.8,1.0,-0.07142857142857141,0.2664890073284477,0.33311125916055967,1.998667554963358,0.0,2.878081279147235,0.0,0.33311125916055967,16,1,1,6,0,7,0,1,0.6748326623257336,0.3251673376742664,-0.4464285714285714,-0.4421182266009852
2016Q2,2016Q2,2016-08-05 19:09:56,guidance,2946,50,58.92,0.8,1.0,-0.07142857142857141,0.27155465037338766,0.3394433129667345,1.6972165648336728,0.0,3.1907671418873043,0.0,0.3394433129667345,16,1,1,5,0,8,0,1,0.6255100474429144,0.3744899525570856,0.0,-0.30357142857142855
2016Q3,2016Q3,2016-11-08 19:05:39,guidance,2807,49,57.285714285714285,2.3,1.0,0.3023255813953488,0.819380121125757,0.3562522265764161,2.493765586034913,0.0,3.77627360171001,0.0,0.3562522265764161,20,2,1,7,0,9,0,1,0.6913225478413638,0.3086774521586362,0.3737541528239202,0.18178986710963455
2016Q4,2016Q4,2017-02-17 19:44:17,guidance,2924,46,63.56521739130435,0.0,0.0,0.0,0.0,0.0,1.7099863201094392,0.0,2.051983584131327,0.0,0.6155950752393982,12,0,0,5,0,5,0,2,0.5697475146861147,0.43025248531388527,-0.3023255813953488,-0.13361710963455148
2017Q1,2017Q1,2017-05-12 19:47:16,guidance,3002,51,58.86274509803921,0.8,0.0,0.4444444444444445,0.2664890073284477,0.0,1.3324450366422387,0.0,3.2311792138574282,0.0,0.8660892738174552,16,1,0,4,0,8,0,3,0.5533395108994883,0.4466604891005117,0.4444444444444445,0.404577334809893
2017Q2,2017Q2,2017-08-11 20:37:37,guidance,3283,53,61.943396226415096,0.0,0.0,0.0,0.0,0.0,0.9137983551629607,0.0,2.589095339628389,0.0,0.5482790130977765,12,0,0,3,0,7,0,2,0.6336431195602077,0.3663568804397923,-0.4444444444444445,-0.16883536360280543
2017Q3,2017Q3,2017-11-17 22:43:24,guidance,3564,53,67.24528301886792,0.0,0.0,0.0,0.0,0.0,1.5712682379349046,0.0,1.6835016835016834,0.0,0.7856341189674523,14,0,0,6,0,5,0,3,0.5586301139805437,0.44136988601945626,0.0,-0.18669250645994828
2017Q4,2017Q4,2018-02-14 17:24:57,guidance,3162,52,60.80769230769231,0.8,0.0,0.4444444444444445,0.25300442757748265,0.0,3.225806451612903,0.0,1.8975332068311197,0.0,0.6325110689437066,19,1,0,11,0,5,0,2,0.4789515700482761,0.521048429951724,0.4444444444444445,0.33333333333333337
2018Q1,2018Q1,2018-05-11 21:09:24,guidance,2369,36,65.80555555555556,1.8,0.0,0.6428571428571429,0.7598142676234698,0.0,2.0261713803292527,0.0,2.7859856479527227,0.0,1.181933305192064,15,2,0,5,0,5,0,3,0.48898620278803256,0.5110137972119675,0.19841269841269843,0.4206349206349207
2018Q2,2018Q2,2018-08-10 21:35:21,guidance,2785,39,71.41025641025641,0.0,1.0,-0.5,0.0,0.3590664272890485,3.087971274685817,0.0,2.154398563734291,0.0,2.0107719928186714,21,0,1,9,0,5,0,6,0.522985293793761,0.477014706206239,-1.1428571428571428,-0.7718253968253967
2018Q3,2018Q3,2018-11-09 22:15:03,guidance,2852,43,66.32558139534883,2.8,1.0,0.375,0.9817671809256662,0.3506311360448808,2.103786816269285,0.0,1.788218793828892,0.0,1.753155680224404,18,2,1,6,0,4,0,5,0.5709277104474234,0.4290722895525766,0.875,0.22817460317460317
2018Q4,2018Q4,2019-02-21 19:42:13,guidance,303,4,75.75,0.0,1.0,-0.5,0.0,3.3003300330033003,9.24092409240924,0.0,3.9603960396039604,0.0,6.600660066006601,7,0,1,3,0,1,0,2,0.24648089517067265,0.7535191048293274,-0.875,-0.7405753968253969
2019Q1,2019Q1,2019-05-17 20:24:55,guidance,3200,47,68.08510638297872,5.3,2.0,0.3975903614457831,1.6562499999999998,0.625,4.75,0.0,1.1249999999999998,0.0,1.6874999999999998,31,4,2,16,0,3,0,6,0.22561791633921985,0.7743820836607802,0.8975903614457831,0.3931260757314974
2019Q2,2019Q2,2019-08-09 21:52:59,guidance,3182,44,72.31818181818181,3.8,1.0,0.48275862068965514,1.1942174732872406,0.3142677561282213,3.39409176618479,0.0,1.6027655562539282,0.0,1.8856065367693275,26,3,1,11,0,4,0,7,0.6166216634285747,0.3833783365714253,0.08516825924387206,0.5396110303282093
2019Q3,2019Q3,2019-11-16 09:00:00,guidance,2217,43,51.55813953488372,2.8,2.0,0.1379310344827586,1.2629679747406404,0.9021199819576003,3.428055931438881,1.0825439783491204,1.0825439783491204,0.0,2.706359945872801,23,2,2,8,2,2,0,7,0.45129406979869924,0.5487059302013008,-0.3448275862068966,-0.050906211051100964
2019Q4,2019Q4,2020-02-19 20:29:12,guidance,2766,53,52.18867924528302,2.0,1.0,0.25,0.7230657989877078,0.3615328994938539,2.313810556760665,0.3615328994938539,2.205350686912509,0.4338394793926247,1.952277657266811,22,1,1,7,1,5,1,6,0.32118266679187824,0.6788173332081218,0.11206896551724141,0.1204299958454508
2020Q1,2020Q1,2020-05-10 09:00:20,guidance,2696,47,57.361702127659576,6.0,2.0,0.4444444444444444,2.2255192878338277,0.7418397626112759,2.2255192878338277,0.8160237388724035,1.8916913946587535,0.0,1.3353115727002964,23,5,2,6,2,4,0,4,0.39175550878026283,0.6082444912197371,0.19444444444444442,0.1273744402898952
2020Q2,2020Q2,2020-08-06 18:01:45,guidance,2650,42,63.095238095238095,4.6,2.0,0.3421052631578947,1.7358490566037734,0.7547169811320755,2.5660377358490565,0.8301886792452832,1.9245283018867925,0.0,1.2830188679245285,23,4,2,7,2,4,0,4,0.46301962861991497,0.536980371380085,-0.10233918128654973,0.01332173825368016
2020Q3,2020Q3,2020-11-26 17:00:36,guidance,2905,49,59.285714285714285,5.0,2.0,0.375,1.721170395869191,0.6884681583476765,1.0327022375215147,0.34423407917383825,3.820998278829604,0.0,1.514629948364888,24,4,2,3,1,9,0,5,0.37320479104612214,0.6267952089538779,0.03289473684210531,0.08137981447872555
2020Q4,2020Q4,2021-02-08 22:20:39,guidance,3115,52,59.90384615384615,3.5,4.0,-0.058823529411764705,1.1235955056179774,1.2841091492776886,1.6051364365971106,0.32102728731942215,3.1139646869983943,0.0,1.6693418940609948,26,3,3,5,1,8,0,6,0.4961203765121448,0.5038796234878552,-0.4338235294117647,-0.41171095631234944
2021Q1,2021Q1,2021-05-11 18:56:38,guidance,2864,50,57.28,5.8,3.0,0.2857142857142857,2.0251396648044695,1.047486033519553,3.4916201117318435,0.34916201117318435,5.237430167597764,0.0,2.1648044692737427,38,5,2,10,1,13,0,7,0.466526234675753,0.533473765324247,0.3445378151260504,0.0100327411666421
2021Q2,2021Q2,2021-08-09 18:13:50,guidance,3242,52,62.34615384615385,4.3,3.0,0.15662650602409636,1.326341764342998,0.9253547193090684,2.3442319555829734,0.9253547193090684,4.626773596545341,0.3701418877236274,2.529302899444787,40,4,2,8,3,13,1,9,0.5077873104885872,0.49221268951141284,-0.12908777969018934,-0.07937249884100755
2021Q3,2021Q3,2021-11-19 19:54:16,guidance,3260,52,62.69230769230769,4.8,1.0,0.5588235294117647,1.4723926380368098,0.3067484662576687,2.331288343558282,0.6134969325153374,2.5766871165644174,0.0,2.147239263803681,30,4,1,8,2,7,0,8,0.4723680454454535,0.5276319545545465,0.4021970233876684,0.3691942138301104
2021Q4,2021Q4,2022-02-11 19:33:17,guidance,3066,48,63.875,3.3,1.0,0.43396226415094336,1.076320939334638,0.3261578604044358,2.544031311154599,0.0,3.3268101761252447,0.0,1.4350945857795172,26,3,1,8,0,9,0,5,0.4973647744774096,0.5026352255225903,-0.12486126526082136,0.19837706621634785
2022Q1,2022Q1,2022-05-09 17:30:20,guidance,3357,48,69.9375,4.0,1.0,0.5,1.1915400655347035,0.29788501638367587,1.5787905868334822,0.8936550491510277,3.872505212987786,0.0,2.144772117962466,31,3,1,5,3,11,0,8,0.48400088871261765,0.5159991112873823,0.06603773584905664,0.14121835367472751
2022Q2,2022Q2,2022-08-10 18:00:15,guidance,3602,52,69.26923076923077,3.3,0.0,0.7674418604651163,0.9161576901721266,0.0,2.0266518600777346,1.1660188784008885,2.5541365907828983,0.0,1.7767906718489728,29,3,0,7,4,8,0,7,0.49844456767516926,0.5015554323248308,0.2674418604651163,0.3550887855684152
2022Q3,2022Q3,2022-11-16 20:07:00,guidance,3485,54,64.53703703703704,4.9,0.0,0.8305084745762712,1.4060258249641322,0.0,1.5208034433285509,1.205164992826399,4.447632711621233,0.0,2.008608321377331,35,5,0,5,4,13,0,8,0.6112792176315378,0.3887207823684622,0.06306661411115488,0.2654515610693151
2022Q4,2022Q4,2023-02-24 18:32:30,guidance,3272,53,61.735849056603776,7.8,1.0,0.693877551020408,2.3838630806845966,0.3056234718826406,1.528117359413203,1.2836185819070907,3.178484107579462,0.0,1.8948655256723714,33,7,1,5,4,9,0,7,0.5335031457796983,0.46649685422030174,-0.13663092355586315,0.0608994012223254
2023Q1,2023Q1,2023-05-15 17:00:30,guidance,2906,49,59.30612244897959,8.9,1.0,0.7247706422018348,3.0626290433585686,0.3441156228492773,2.064693737095664,1.410874053682037,3.007570543702684,0.0,1.7894012388162421,32,8,1,6,4,7,0,6,0.5532661124336051,0.44673388756639487,0.0308930911814268,0.02681367068638607
2023Q2,2023Q2,2023-08-17 17:34:30,guidance,2755,48,57.395833333333336,8.8,1.0,0.7222222222222222,3.194192377495463,0.3629764065335753,1.088929219600726,0.3629764065335753,2.21415607985481,0.0,1.2341197822141563,22,8,1,3,1,5,0,4,0.5232150441965676,0.4767849558034324,-0.0025484199796126372,-0.03192740984368536
2023Q3,2023Q3,2023-11-27 19:50:30,guidance,2937,50,58.74,8.0,1.0,0.7,2.7238678924072186,0.3404834865509023,1.9748042219952333,0.3404834865509023,2.8260129383724895,0.0,1.157643854273068,26,7,1,6,1,7,0,4,0.4115542207325496,0.5884457792674505,-0.022222222222222254,-0.04284472250518423
2023Q4,2023Q4,2024-02-08 18:19:21,guidance,2661,49,54.30612244897959,3.8999999999999995,1.0,0.4915254237288135,1.4656144306651633,0.37579857196542654,1.1273957158962795,0.7515971439308531,3.7204058624577225,0.0,2.1796317173994737,25,4,1,3,2,8,0,7,0.4244785904559677,0.5755214095440323,-0.20847457627118643,-0.21869218013230268
2024Q1,2024Q1,2024-05-10 20:17:00,guidance,2580,49,52.6530612244898,2.4000000000000004,1.0,0.31818181818181823,0.930232558139535,0.38759689922480617,2.5968992248062013,1.1627906976744187,3.5658914728682167,0.0,1.937984496124031,28,3,1,7,3,8,0,6,0.5349784493446051,0.46502155065539486,-0.1733436055469953,-0.34144775385639936
2024Q2,2024Q2,2024-08-09 18:34:00,guidance,2869,49,58.55102040816327,2.4000000000000004,2.0,0.07407407407407414,0.8365284071104915,0.6971070059254095,1.1850819100731962,1.0456605088881143,3.69466713140467,0.0,2.0216103171836877,28,3,2,4,3,9,0,7,0.5278498990026542,0.4721501009973458,-0.2441077441077441,-0.48390829195913937
2024Q3,2024Q3,2024-11-08 17:01:00,guidance,2816,43,65.48837209302326,3.8999999999999995,1.0,0.4915254237288135,1.3849431818181817,0.3551136363636364,1.6335227272727273,1.4204545454545456,2.5213068181818183,0.0,1.7755681818181819,26,4,1,5,4,6,0,6,0.5473904251836813,0.4526095748163187,0.4174513496547394,0.09558009473263707
2024Q4,2024Q4,2025-02-13 17:05:21,guidance,2488,47,52.93617021276596,5.3999999999999995,0.0,0.84375,2.170418006430868,0.0,2.6045016077170415,0.8038585209003215,4.581993569131833,0.0,2.411575562700964,30,4,0,7,2,10,0,7,0.5033186556451865,0.4966813443548135,0.3522245762711865,0.49992331507162013
2025Q1,2025Q1,2025-05-09 17:40:30,guidance,2577,51,50.529411764705884,6.3999999999999995,0.0,0.8648648648648648,2.4835079549864183,0.0,1.893674815677144,0.38804811796662786,3.6088474970896396,0.0,2.328288707799767,26,5,0,5,1,8,0,7,0.5622964179390041,0.4377035820609959,0.021114864864864802,0.43298203586868833
2025Q2,2025Q2,2025-08-15 18:00:29,guidance,2841,51,55.705882352941174,9.8,1.5,0.6747967479674797,3.4494896163322775,0.5279831045406547,1.6473072861668425,0.7039774727208729,2.541358676522351,0.0,2.1119324181626182,28,7,1,5,2,6,0,7,0.5417507448195497,0.45824925518045034,-0.19006811689738512,0.10624315730054157
2025Q3,2025Q3,2025-11-11 17:00:27,guidance,2169,46,47.15217391304348,6.199999999999999,0.0,0.861111111111111,2.858460119870908,0.0,1.6597510373443982,0.0,2.581834946980175,0.0,1.5675426463808209,18,5,0,4,0,5,0,4,0.5040772214303775,0.4959227785696225,0.18631436314363137,0.14237685197082162
2025Q4,2025Q4,2026-02-10 19:23:18,guidance,2302,50,46.04,6.3999999999999995,0.0,0.8648648648648648,2.7801911381407467,0.0,2.7801911381407467,0.43440486533449174,1.998262380538662,0.0,1.56385751520417,21,5,0,7,1,4,0,4,0.5866551670907004,0.4133448329092996,0.0037537537537537524,0.05373418387900086
2026Q1,2026Q1,2026-05-11 19:22:25,guidance,2301,45,51.13333333333333,5.6,1.0,0.6052631578947368,2.4337244676227723,0.43459365493263796,2.955236853541938,0.43459365493263796,1.9991308126901344,0.0,1.1299435028248588,20,4,1,7,1,4,0,3,0.5520302507964985,0.4479697492035015,-0.25960170697012797,-0.21114623930734322
2006Q1,2006Q1,2006-05-31 14:12:00,macro,13238,233,56.81545064377682,0.0,0.0,0.0,0.0,0.0,0.3777005589968273,0.7554011179936546,0.0,0.16618824595860404,0.36259253663695423,23,0,0,5,10,0,2,6,,,,
2006Q2,2006Q2,2006-08-10 00:01:00,macro,12155,205,59.292682926829265,0.0,7.0,-0.875,0.0,0.5758946935417524,1.3245577951460306,0.6910736322501029,0.1974496092143151,0.2468120115178939,0.4607157548334019,41,0,5,16,8,2,3,7,0.35454440459765996,0.64545559540234,-0.875,
2006Q3,2006Q3,2006-11-14 17:01:00,macro,10037,170,59.04117647058823,0.0,0.0,0.0,0.0,0.0,1.2952077313938426,0.7173458204642821,0.0,0.0,0.23911527348809405,23,0,0,13,7,0,0,3,0.4769170511297872,0.5230829488702128,0.875,0.4375
2006Q4,2006Q4,2007-02-09 17:45:00,macro,13126,187,70.19251336898395,6.0,0.0,0.8571428571428571,0.4571080298643913,0.0,0.5332927015084565,0.7008989791253999,0.0,0.0,0.24379094926100872,23,3,0,7,9,0,0,4,0.3935998136822612,0.6064001863177388,0.8571428571428571,1.1488095238095237
2007Q1,2007Q1,2007-05-10 19:40:00,macro,10844,213,50.91079812206573,0.0,0.0,0.0,0.0,0.0,1.014385835485061,0.9590556990040576,0.0,0.2028771670970122,0.22132054592401332,26,0,0,11,10,0,2,3,0.41501433106076274,0.5849856689392372,-0.8571428571428571,0.004464285714285726
2007Q2,2007Q2,2007-08-08 17:30:00,macro,13779,224,61.513392857142854,0.0,0.0,0.0,0.0,0.0,0.9434646926482328,3.3674432106829237,0.0,0.29029682850714855,0.3483561942085783,66,0,0,13,43,0,4,6,0.41217200350106786,0.5878279964989321,0.0,0.004464285714285726
2007Q3,2007Q3,2007-11-08 17:57:00,macro,16898,286,59.08391608391609,0.0,0.0,0.0,0.0,0.0,0.7693218132323352,1.562315066871819,0.0,0.13019292223931828,2.473665522547046,92,0,0,13,25,0,2,52,0.4384289181816105,0.5615710818183894,0.0,-0.21428571428571427
2007Q4,2007Q4,2008-02-22 17:02:00,macro,10937,194,56.376288659793815,2.0,0.0,0.6666666666666666,0.18286550242296792,0.0,1.1886257657492914,2.0938100027429827,0.0,0.21943860290756148,0.2925848038767487,41,1,0,13,21,0,2,4,0.4095873771830613,0.5904126228169386,0.6666666666666666,0.45238095238095233
2008Q1,2008Q1,2008-05-14 17:59:00,macro,9985,164,60.88414634146341,12.0,0.0,0.9230769230769231,1.2018027040560841,0.0,1.1016524787180773,2.0030045067601403,0.0,0.22033049574361546,0.7210816224336505,48,6,0,11,20,0,2,9,0.3447282636221206,0.6552717363778794,0.2564102564102565,0.7564102564102565
2008Q2,2008Q2,2008-08-15 16:23:00,macro,13732,232,59.189655172413794,0.0,0.0,0.0,0.0,0.0,1.019516457908535,1.5584037285173318,0.0,0.24031459364986893,0.466064666472473,46,0,0,14,21,0,3,8,0.40067571741050473,0.5993242825894953,-0.9230769230769231,-0.39743589743589747
2008Q3,2008Q3,2008-11-17 18:59:00,macro,15492,265,58.46037735849057,12.0,1.2,0.7605633802816902,0.7745933384972888,0.07745933384972889,1.2909888974954815,0.4518461141234185,0.0,0.42602633617350893,0.5163955589981926,50,6,1,20,7,0,6,10,0.4655245962796223,0.5344754037203777,0.7605633802816902,0.36312748284579277
2008Q4,2008Q4,2009-02-23 19:41:00,macro,15405,239,64.4560669456067,24.6,0.0,0.9609375,1.5968841285296984,0.0,1.6877637130801688,0.6491398896462188,0.0,0.20772476468679002,0.31158714703018503,57,12,0,26,10,0,3,6,0.3951892578671972,0.6048107421328028,0.20037411971830976,0.37336075749368003
2009Q1,2009Q1,2009-05-06 16:10:00,macro,12450,215,57.906976744186046,4.0,0.0,0.8,0.321285140562249,0.0,1.0441767068273093,2.345381526104418,0.0,0.1927710843373494,0.9831325301204823,61,2,0,13,29,0,2,15,0.3662086374654963,0.6337913625345037,-0.16093749999999996,0.1388555491603467
2009Q2,2009Q2,2009-08-05 17:00:00,macro,10058,159,63.257861635220124,2.0,0.0,0.6666666666666666,0.19884668920262477,0.0,0.6959634122091868,0.9146947703320739,1.4018691588785046,0.43746271624577454,0.9624179757407041,43,1,0,7,9,10,4,12,0.33406793845245475,0.6659320615475453,-0.13333333333333341,0.03629144659624406
2009Q3,2009Q3,2009-11-11 16:00:00,macro,12759,198,64.43939393939394,0.0,0.0,0.0,0.0,0.0,0.7053844345168117,1.0737518614311465,1.1521279097107924,0.3762050317422995,0.4451759542283878,43,0,0,9,13,10,4,7,0.3373855773981278,0.6626144226018722,-0.6666666666666666,-0.7970418867370892
2009Q4,2009Q4,2010-02-11 18:20:09,macro,15756,285,55.28421052631579,4.0,0.0,0.8,0.2538715410002539,0.0,0.6346788525006347,1.066260472201066,0.0,0.06346788525006347,0.30464584920030463,35,2,0,10,16,0,1,6,0.3968249391554937,0.6031750608445063,0.8,0.19309895833333335
2010Q1,2010Q1,2010-05-10 17:30:05,macro,17221,292,58.976027397260275,0.0,1.5,-0.6,0.0,0.08710295569362987,0.2903431856454329,1.8581963881307701,0.08710295569362987,0.2671157307937983,2.136925846350386,86,0,1,5,29,1,4,46,0.4010779080038848,0.5989220919961151,-1.4,-1.1666666666666665
2010Q2,2010Q2,2010-08-05 18:45:48,macro,16054,279,57.541218637992834,4.0,0.0,0.8,0.24915908807773765,0.0,0.4983181761554753,1.1212158963498196,0.0,0.22424317926996387,0.5481499937710228,41,2,0,8,17,0,3,11,0.4710360230516265,0.5289639769483735,1.4,0.5833333333333334
2010Q3,2010Q3,2010-11-02 18:21:02,macro,12137,219,55.42009132420091,0.0,4.5,-0.8181818181818182,0.0,0.37076707588366153,0.9063195188267281,1.0711048858861332,0.4696382961193046,0.09887122023564307,0.5273131745900963,39,0,3,11,12,4,1,8,0.45771420816393155,0.5422857918360684,-1.6181818181818182,-1.0681818181818183
2010Q4,2010Q4,2011-01-30 19:23:48,macro,11276,191,59.03664921465968,2.0,3.0,-0.16666666666666666,0.17736786094359702,0.26605179141539553,0.8868393047179851,3.6360411493437397,0.10642071656615822,0.19510464703795674,0.6385242993969492,61,1,2,10,36,1,2,9,0.4196729472495419,0.580327052750458,0.6515151515151516,-0.21212121212121213
2011Q1,2011Q1,2011-05-03 18:35:17,macro,19880,276,72.02898550724638,2.0,4.5,-0.3333333333333333,0.1006036217303823,0.22635814889336017,0.45271629778672035,2.1106639839034202,0.07545271629778673,0.261569416498994,0.523138832997988,70,1,3,9,38,1,5,13,0.3810718911216084,0.6189281088783916,-0.16666666666666666,-0.13712121212121212
2011Q2,2011Q2,2011-08-12 16:13:59,macro,17132,268,63.92537313432836,1.6,1.5,0.02439024390243905,0.09339248190520663,0.08755545178613121,0.408592108335279,1.7044127947700207,0.0,0.0,0.23348120476301656,42,2,1,7,27,0,0,5,0.6688087168052569,0.3311912831947431,0.35772357723577236,0.1539356984478936
2011Q3,2011Q3,2011-11-16 15:30:00,macro,16931,269,62.940520446096656,0.0,0.0,0.0,0.0,0.0,0.5906325674797708,1.4765814186994268,0.15947079321953814,0.3307542377886717,0.33075423778867163,47,0,0,10,23,2,5,7,0.6265727286810376,0.37342727131896236,-0.02439024390243905,0.3234478935698448
2011Q4,2011Q4,2012-02-15 17:07:02,macro,14806,228,64.93859649122807,8.0,0.0,0.8888888888888888,0.540321491287316,0.0,1.080642982574632,1.5534242874510336,0.2634067270025665,0.2566527083614751,0.37822504390112116,56,4,0,16,22,3,4,7,0.5895415149025438,0.4104584850974562,0.8888888888888888,1.007791327913279
2012Q1,2012Q1,2012-05-10 19:02:49,macro,13840,224,61.785714285714285,0.0,0.0,0.0,0.0,0.0,0.28901734104046245,1.1965317919075145,0.08670520231213873,0.23121387283236997,0.28901734104046245,29,0,0,4,16,1,3,5,0.5854392900215662,0.41456070997843375,-0.8888888888888888,-0.14498644986449863
2012Q2,2012Q2,2012-08-02 17:22:09,macro,14801,234,63.25213675213675,2.0,0.0,0.6666666666666666,0.13512600499966218,0.0,1.0810080399972974,1.0810080399972974,0.06756300249983109,0.6080670224984799,0.43240321599891895,50,1,0,16,16,1,8,8,0.5260180895914562,0.47398191040854376,0.6666666666666666,0.43834688346883466
2012Q3,2012Q3,2012-11-02 18:06:12,macro,12651,205,61.71219512195122,2.0,0.0,0.6666666666666666,0.15809026954390956,0.0,0.3952256738597739,1.3089874318235715,0.0,0.5691249703580745,0.37941664690538296,33,1,0,5,15,0,6,6,0.5100514209388487,0.4899485790611513,0.0,0.2777777777777778
2012Q4,2012Q4,2013-02-06 18:49:42,macro,15938,259,61.536679536679536,4.0,0.0,0.8,0.25097251850922325,0.0,0.8156606851549755,1.2423139666206549,0.07529175555276697,0.8031120592295141,0.8031120592295145,61,2,0,13,18,1,11,16,0.4572084752708534,0.5427915247291466,0.13333333333333341,0.24444444444444446
2013Q1,2013Q1,2013-05-09 18:43:08,macro,13419,203,66.10344827586206,0.0,0.0,0.0,0.0,0.0,0.3726060064088233,3.174603174603174,0.0,0.5365526492287056,0.35770176615247035,58,0,0,5,41,0,6,6,0.4783106262011824,0.5216893737988175,-0.8,-0.5333333333333333
2013Q2,2013Q2,2013-08-02 17:29:20,macro,13669,213,64.17370892018779,1.0,0.0,0.5,0.07315824127587972,0.0,1.4631648255175944,1.3900065842417144,0.0,0.5121076889311581,0.819372302289853,58,1,0,20,17,0,6,14,0.49862562377239283,0.5013743762276072,0.5,-0.033333333333333326
2013Q3,2013Q3,2013-11-05 16:12:14,macro,16518,267,61.86516853932584,0.0,3.0,-0.75,0.0,0.18162005085361424,1.047342293255842,0.6901561932437341,0.0,0.49642813899987887,0.7434314081607944,52,0,2,17,11,0,7,15,0.5074386620487679,0.49256133795123214,-1.25,-1.2416666666666667
2013Q4,2013Q4,2014-02-08 18:52:32,macro,1215,30,40.5,2.0,0.0,0.6666666666666666,1.6460905349794237,0.0,4.11522633744856,1.8106995884773662,0.0,0.0,0.6584362139917695,9,1,0,5,2,0,0,1,0.15228014040678925,0.8477198595932107,1.4166666666666665,0.5291666666666666
2014Q1,2014Q1,2014-05-06 18:55:09,macro,13000,228,57.01754385964912,0.0,0.0,0.0,0.0,0.0,0.6153846153846154,1.584615384615384,0.0,0.6000000000000001,0.4461538461538461,41,0,0,8,19,0,7,7,0.14741686307775864,0.8525831369222414,-0.6666666666666666,-0.10416666666666666
2014Q2,2014Q2,2014-08-01 20:02:13,macro,13824,220,62.836363636363636,2.0,1.5,0.1111111111111111,0.14467592592592593,0.10850694444444445,0.7233796296296297,1.7679398148148144,0.08680555555555555,0.6510416666666666,0.28935185185185186,48,1,1,10,22,1,8,5,0.5204945463025384,0.47950545369746156,0.1111111111111111,0.0069444444444444475
2014Q3,2014Q3,2014-11-06 17:23:57,macro,13392,214,62.57943925233645,2.0,0.0,0.6666666666666666,0.14934289127837516,0.0,0.6720430107526882,1.6203703703703705,0.08960573476702509,0.5077658303464756,0.35842293906810035,43,1,0,9,20,1,6,6,0.468573708210515,0.531426291789485,0.5555555555555556,0.6597222222222222
2014Q4,2014Q4,2015-02-10 17:47:18,macro,13674,219,62.43835616438356,0.0,1.5,-0.6,0.0,0.10969723562966213,0.5119204329384233,1.4333772122275852,0.0,0.7313149041977476,0.4826678367705134,43,0,1,7,18,0,9,8,0.44943214525328795,0.5505678547467121,-1.2666666666666666,-0.961111111111111
2015Q1,2015Q1,2015-05-08 17:51:52,macro,7091,122,58.122950819672134,0.0,0.0,0.0,0.0,0.0,0.14102383302778168,0.5640953321111267,0.0,0.0,0.22563813284445072,7,0,0,1,4,0,0,2,0.4153989137881371,0.5846010862118629,0.6,-0.044444444444444425
2015Q2,2015Q2,2015-08-07 18:19:14,macro,7913,136,58.18382352941177,0.0,0.0,0.0,0.0,0.0,0.2527486414760521,0.5054972829521042,0.0,0.0,0.10109945659042083,7,0,0,2,4,0,0,1,0.5108893177615844,0.4891106822384156,0.0,-0.044444444444444425
2015Q3,2015Q3,2015-11-06 19:15:23,macro,9151,162,56.48765432098765,0.0,0.0,0.0,0.0,0.0,0.21855534914217026,1.792153862965796,0.13113320948530216,0.0,0.0,19,0,0,2,16,1,0,0,0.40246010454102865,0.5975398954589713,0.0,-0.01666666666666665
2015Q4,2015Q4,2016-02-06 14:10:10,macro,8444,149,56.671140939597315,2.0,0.0,0.6666666666666666,0.23685457129322593,0.0,0.0,0.47370914258645186,0.0,0.0,0.09474182851729038,6,1,0,0,4,0,0,1,0.41522702690488994,0.5847729730951101,0.6666666666666666,0.8166666666666667
2016Q1,2016Q1,2016-05-06 19:57:59,macro,6294,113,55.69911504424779,0.0,0.0,0.0,0.0,0.0,0.6355258976803305,0.6355258976803305,0.0,0.0,0.12710517953606612,9,0,0,4,4,0,0,1,0.4246034428734828,0.5753965571265172,-0.6666666666666666,-0.16666666666666666
2016Q2,2016Q2,2016-08-05 19:09:56,macro,2093,35,59.8,8.0,0.0,0.8888888888888888,3.8222646918299095,0.0,0.9555661729574774,0.0,0.0,0.0,0.7644529383659819,8,4,0,2,0,0,0,2,0.02103284718240912,0.9789671528175908,0.8888888888888888,0.7222222222222222
2016Q3,2016Q3,2016-11-08 19:05:39,macro,7673,129,59.48062015503876,2.0,0.0,0.6666666666666666,0.2606542421477909,0.0,0.13032712107389546,0.7819627264433728,0.15639254528867458,0.0,0.10426169685911639,10,1,0,1,6,1,0,1,0.020957898174822676,0.9790421018251774,-0.2222222222222222,0.2777777777777778
2016Q4,2016Q4,2017-02-17 19:44:17,macro,5782,103,56.13592233009709,0.0,0.0,0.0,0.0,0.0,0.3459010722933241,2.4213075060532687,0.0,0.0,0.13836042891732966,17,0,0,2,14,0,0,1,0.2985860555647229,0.7014139444352772,-0.6666666666666666,-0.5555555555555556
2017Q1,2017Q1,2017-05-12 19:47:16,macro,8926,155,57.58709677419355,0.0,0.0,0.0,0.0,0.0,0.33609679587721264,0.3585032489356935,0.13443871835088506,0.2688774367017701,0.4481290611696168,14,0,0,3,3,1,2,5,0.3583554417623644,0.6416445582376356,0.0,-0.3888888888888889
2017Q2,2017Q2,2017-08-11 20:37:37,macro,12919,196,65.91326530612245,0.0,1.5,-0.6,0.0,0.1161080578992182,0.4644322315968728,1.4397399179503054,0.0,0.5418376035296849,0.3715457852774982,36,0,1,6,17,0,6,6,0.3961970621687534,0.6038029378312466,-0.6,-0.9888888888888888
2017Q3,2017Q3,2017-11-17 22:43:24,macro,16655,280,59.482142857142854,2.0,3.3,-0.20634920634920634,0.12008405884118882,0.19813869708796156,1.0567397178024618,1.4722305613929745,0.07205043530471329,0.4202942059441609,0.5283698589012308,61,1,2,18,22,1,6,11,0.4750237464443313,0.5249762535556687,0.39365079365079364,-0.223015873015873
2017Q4,2017Q4,2018-02-14 17:24:57,macro,15299,251,60.95219123505976,0.0,3.0,-0.75,0.0,0.19609124779397347,0.45754624485260476,4.664357147525987,0.15687299823517878,0.6928557422053728,0.5229099941172626,91,0,2,7,61,2,9,10,0.5467198503201908,0.45328014967980923,-0.5436507936507937,-0.5484126984126985
2018Q1,2018Q1,2018-05-11 21:09:24,macro,6496,112,58.0,0.0,0.0,0.0,0.0,0.0,0.30788177339901474,0.30788177339901474,0.0,0.0,0.0,4,0,0,2,2,0,0,0,0.3976929169584589,0.6023070830415411,0.75,0.3890873015873016
2018Q2,2018Q2,2018-08-10 21:35:21,macro,6662,123,54.16260162601626,0.0,0.0,0.0,0.0,0.0,0.9006304413089162,0.30021014710297206,0.0,0.0,0.0,8,0,0,6,2,0,0,0,0.5155288461584533,0.4844711538415467,0.0,0.3890873015873016
2018Q3,2018Q3,2018-11-09 22:15:03,macro,4082,81,50.39506172839506,0.0,0.0,0.0,0.0,0.0,0.9799118079372857,3.6746692797648213,0.0,1.02890739833415,0.7839294463498286,27,0,0,4,15,0,4,4,0.38411213840638936,0.6158878615936106,0.0,0.2390873015873016
2018Q4,2018Q4,2019-02-21 19:42:13,macro,6100,128,47.65625,0.0,0.0,0.0,0.0,0.0,0.49180327868852464,0.3278688524590164,0.0,0.0,0.26229508196721313,7,0,0,3,2,0,0,2,0.3331233212870963,0.6668766787129037,0.0,0.1875
2019Q1,2019Q1,2019-05-17 20:24:55,macro,7411,149,49.738255033557046,0.0,0.0,0.0,0.0,0.0,1.3493455673998112,0.4317905815679396,0.0,0.0,0.3238429361759547,16,0,0,10,3,0,0,3,0.3585586040612683,0.6414413959387317,0.0,0.0
2019Q2,2019Q2,2019-08-09 21:52:59,macro,5718,109,52.45871559633027,0.0,0.0,0.0,0.0,0.0,0.0,0.3497726477789437,0.0,0.0,0.0,2,0,0,0,2,0,0,0,0.42504667761831016,0.5749533223816898,0.0,0.0
2019Q3,2019Q3,2019-11-16 09:00:00,macro,3925,76,51.64473684210526,1.4,0.0,0.5833333333333334,0.35668789808917195,0.0,0.7643312101910829,2.8840764331210194,0.0,0.0,0.40764331210191085,17,1,0,3,11,0,0,2,0.4464589634135575,0.5535410365864425,0.5833333333333334,0.5833333333333334
2019Q4,2019Q4,2020-02-19 20:29:12,macro,3887,90,43.18888888888889,0.0,0.0,0.0,0.0,0.0,1.2348855158219707,0.5145356315924878,0.0,0.3087213789554927,2.0787239516336506,18,0,0,5,2,0,1,10,0.28489269817326535,0.7151073018267347,-0.5833333333333334,-0.14583333333333334
2020Q1,2020Q1,2020-05-10 09:00:20,macro,1615,35,46.142857142857146,0.0,0.0,0.0,0.0,0.0,2.972136222910217,0.0,0.7430340557275542,1.4860681114551084,1.9814241486068114,12,0,0,5,0,1,2,4,0.049488779656209486,0.9505112203437905,0.0,-0.14583333333333334
2020Q2,2020Q2,2020-08-06 18:01:45,macro,4886,101,48.37623762376238,0.0,0.0,0.0,0.0,0.0,0.20466639377814164,0.20466639377814164,0.0,0.0,1.3098649201801063,10,0,0,1,1,0,0,8,0.07249267255721041,0.9275073274427896,0.0,-0.14583333333333334
2020Q3,2020Q3,2020-11-26 17:00:36,macro,4945,108,45.78703703703704,0.0,0.0,0.0,0.0,0.0,0.0,0.20222446916076844,0.0,0.20222446916076844,0.3235591506572295,4,0,0,0,1,0,1,2,0.4464083660542649,0.5535916339457351,0.0,-0.14583333333333334
2020Q4,2020Q4,2021-02-08 22:20:39,macro,6976,131,53.25190839694657,0.0,0.0,0.0,0.0,0.0,1.17545871559633,0.286697247706422,0.1720183486238532,0.0,0.6880733944954128,18,0,0,9,2,1,0,6,0.34718587455057265,0.6528141254494273,0.0,0.0
2021Q1,2021Q1,2021-05-11 18:56:38,macro,6447,116,55.577586206896555,0.0,0.0,0.0,0.0,0.0,0.3102218085931441,3.350395532805955,0.0,0.0,0.992709787498061,30,0,0,2,20,0,0,8,0.30032768965564116,0.6996723103443588,0.0,0.0
2021Q2,2021Q2,2021-08-09 18:13:50,macro,4053,83,48.83132530120482,0.0,0.0,0.0,0.0,0.0,1.233654083395016,0.7401924500370096,0.0,0.0,0.5921539600296077,11,0,0,5,3,0,0,3,0.49716135229951974,0.5028386477004803,0.0,0.0
2021Q3,2021Q3,2021-11-19 19:54:16,macro,6458,115,56.15652173913043,0.0,0.0,0.0,0.0,0.0,0.588417466707959,0.9290802105915144,0.0,0.0,0.49550944564880767,14,0,0,4,6,0,0,4,0.47302232116781173,0.5269776788321883,0.0,0.0
2021Q4,2021Q4,2022-02-11 19:33:17,macro,4679,103,45.42718446601942,0.0,0.0,0.0,0.0,0.0,1.0258602265441332,0.6411626415900833,0.0,0.0,0.0,8,0,0,5,3,0,0,0,0.38130609106667285,0.6186939089333272,0.0,0.0
2022Q1,2022Q1,2022-05-09 17:30:20,macro,4310,84,51.30952380952381,0.0,0.0,0.0,0.0,0.0,0.2320185614849188,0.2320185614849188,0.0,0.0,0.18561484918793505,3,0,0,1,1,0,0,1,0.3291277716618307,0.6708722283381693,0.0,0.0
2022Q2,2022Q2,2022-08-10 18:00:15,macro,3931,70,56.15714285714286,0.0,1.2,-0.5454545454545454,0.0,0.30526583566522514,0.5087763927753752,11.132027473925211,0.0,0.5596540320529128,1.8315950139913506,54,0,1,2,40,0,2,9,0.20457925090772608,0.7954207490922739,-0.5454545454545454,-0.5454545454545454
2022Q3,2022Q3,2022-11-16 20:07:00,macro,4601,93,49.473118279569896,0.0,0.0,0.0,0.0,0.0,0.6085633557922191,0.6520321669202347,0.0,0.0,0.1738752445120626,7,0,0,3,3,0,0,1,0.2505431844972552,0.7494568155027448,0.5454545454545454,0.13636363636363635
2022Q4,2022Q4,2023-02-24 18:32:30,macro,6614,127,52.07874015748032,0.0,0.0,0.0,0.0,0.0,1.784094345328092,0.6047777441790142,0.0,0.3628666465074085,0.8466888418506199,25,0,0,12,4,0,2,7,0.31393287527860386,0.6860671247213961,0.0,0.13636363636363635
2023Q1,2023Q1,2023-05-15 17:00:30,macro,6377,135,47.237037037037034,1.8,1.0,0.2105263157894737,0.28226438764309236,0.15681354869060687,0.6272541947624275,5.582562333385605,0.0,0.0,0.7527050337149129,47,2,1,4,34,0,0,6,0.2847209071251212,0.7152790928748788,0.2105263157894737,0.34688995215311
2023Q2,2023Q2,2023-08-17 17:34:30,macro,4880,104,46.92307692307692,0.0,0.0,0.0,0.0,0.0,0.5327868852459017,0.819672131147541,0.0,0.0,0.0,7,0,0,3,4,0,0,0,0.36295218486292097,0.6370478151370791,-0.2105263157894737,0.08373205741626794
2023Q3,2023Q3,2023-11-27 19:50:30,macro,4528,91,49.75824175824176,0.0,0.0,0.0,0.0,0.0,0.618374558303887,0.88339222614841,0.0,0.0,0.0,7,0,0,3,4,0,0,0,0.3706478222304177,0.6293521777695823,0.0,-0.052631578947368425
2023Q4,2023Q4,2024-02-08 18:19:21,macro,5217,108,48.30555555555556,0.0,0.0,0.0,0.0,0.0,1.380103507763082,0.9584052137243627,0.0,0.0,0.30668966839179607,15,0,0,8,5,0,0,2,0.3141377338444887,0.6858622661555114,0.0,-0.052631578947368425
2024Q1,2024Q1,2024-05-10 20:17:00,macro,5063,107,47.3177570093458,0.0,0.0,0.0,0.0,0.0,1.3825794983211535,0.7900454276120877,0.0,0.0,0.8295476989926922,17,0,0,8,4,0,0,5,0.34161404942058526,0.6583859505794147,0.0,-0.052631578947368425
2024Q2,2024Q2,2024-08-09 18:34:00,macro,5032,108,46.592592592592595,0.0,0.0,0.0,0.0,0.0,1.0333863275039745,0.5961844197138315,0.0,0.1589825119236884,0.3179650238473768,12,0,0,6,3,0,1,2,0.3626597330387896,0.6373402669612104,0.0,0.0
2024Q3,2024Q3,2024-11-08 17:01:00,macro,5049,114,44.28947368421053,0.8,0.0,0.4444444444444445,0.15844721727074668,0.0,0.5545652604476133,0.39611804317686666,0.0,0.15844721727074668,0.4753416518122401,10,1,0,3,2,0,1,3,0.33752088068530084,0.6624791193146992,0.4444444444444445,0.4444444444444445
2024Q4,2024Q4,2025-02-13 17:05:21,macro,4669,107,43.63551401869159,0.0,0.0,0.0,0.0,0.0,1.734846862283144,0.6425358749196831,0.0,0.0,0.5140286999357465,15,0,0,9,3,0,0,3,0.3615575364307484,0.6384424635692516,-0.4444444444444445,-0.11111111111111112
2025Q1,2025Q1,2025-05-09 17:40:30,macro,6435,134,48.02238805970149,3.8,0.0,0.7916666666666666,0.5905205905205906,0.0,1.460761460761461,3.0334110334110336,0.0,0.0,0.37296037296037304,34,2,0,10,19,0,0,3,0.3340659029733372,0.6659340970266627,0.7916666666666666,0.6805555555555555
2025Q2,2025Q2,2025-08-15 18:00:29,macro,4805,96,50.052083333333336,0.0,0.0,0.0,0.0,0.0,1.1238293444328824,0.8324661810613945,0.0,0.0,0.6659729448491156,14,0,0,6,4,0,0,4,0.35338004337757317,0.6466199566224269,-0.7916666666666666,-0.3090277777777778
2025Q3,2025Q3,2025-11-11 17:00:27,macro,4742,107,44.3177570093458,0.0,0.0,0.0,0.0,0.0,0.9869253479544495,0.8435259384226065,0.0,0.1687051876845213,0.7085617882749895,14,0,0,5,4,0,1,4,0.37345598051649204,0.6265440194835079,0.0,-0.3090277777777778
2025Q4,2025Q4,2026-02-10 19:23:18,macro,4747,105,45.20952380952381,0.0,0.0,0.0,0.0,0.0,1.0954286918053506,0.4213187276174426,0.0,0.0,0.16852749104697706,9,0,0,6,2,0,0,1,0.3175967858308651,0.682403214169135,0.0,-0.19791666666666666
2026Q1,2026Q1,2026-05-11 19:22:25,macro,6271,133,47.150375939849624,0.0,0.0,0.0,0.0,0.0,0.574071121033328,0.3189284005740711,0.0,0.0,0.5102854409185138,10,0,0,4,2,0,0,4,0.36022699403924446,0.6397730059607556,0.0,-0.19791666666666663
