report_id,report_period,publication_datetime,guidance_attention_exchange_rate,macro_attention_exchange_rate,guidance_attention_financial_stability,macro_attention_financial_stability,guidance_attention_growth,macro_attention_growth,guidance_attention_inflation,macro_attention_inflation,guidance_attention_risk,macro_attention_risk,guidance_normalized_policy_stance,macro_normalized_policy_stance,guidance_normalized_sentiment,macro_normalized_sentiment,guidance_z_policy_stance,macro_z_policy_stance,guidance_z_sentiment,macro_z_sentiment,fulltext_similarity_full_sample_tfidf,fulltext_similarity_expanding_tfidf,fulltext_novelty_expanding_tfidf,fulltext_novelty_full_sample_tfidf,similarity_char_ngram,z_similarity_char_ngram,report_length,readability,guidance_similarity_expanding_tfidf,guidance_similarity_full_sample_tfidf,guidance_novelty,guidance_novelty_full_sample_tfidf,guidance_attention_growth_change,guidance_attention_inflation_change,guidance_attention_risk_change,guidance_attention_exchange_rate_change,guidance_attention_financial_stability_change,macro_attention_growth_change,macro_attention_inflation_change,macro_attention_risk_change,macro_attention_exchange_rate_change,macro_attention_financial_stability_change,guidance_expected_tone,guidance_unexpected_tone,guidance_expected_method,in_formal_sample
2006Q1,2006Q1,2006-05-31 14:12:00,4.179728317659353,0.2266203353980964,0.0,0.0,2.6123301985370952,6.49644961474543,0.0,0.7554011179936546,3.134796238244514,2.0395830185828676,0.0,-0.2266203353980964,89.08045977011493,15.04381326484364,-0.6365062761517866,-1.0970153403308345,2.03259611376478,-0.9399775598149319,,,,,,,36406,58.62479871175523,,,,,,,,,,,,,,,,,insufficient_history,True
2006Q2,2006Q2,2006-08-10 00:01:00,6.5274151436031325,2.4681201151789387,0.0,0.0,8.485639686684074,10.530645824763472,0.0,0.658165364047717,1.3054830287206267,1.7276840806252571,0.0,-1.4463183874948577,54.47127937336816,25.97285067873303,-0.6365062761517866,-3.2805718064607,-2.6794980974732407,-0.054266414749218124,0.8122060640529242,0.8775593246351286,0.12244067536487135,0.18779393594707583,0.8167721324193157,-2.036399040260467,36356,59.40522875816993,0.31715128718119184,0.18788114252565982,0.6828487128188081,0.8121188574743402,5.873309488146979,0.0,-1.8293132095238873,2.3476868259437795,0.0,4.034196210018042,-0.09723575394593764,-0.3118989379576105,2.2414997797808422,0.0,-0.6365062761517866,0.0,last_available,True
2006Q3,2006Q3,2006-11-14 17:01:00,0.0,0.0,0.0,0.0,3.667481662591687,12.354289130218193,0.0,0.6974195476736077,2.444987775061125,1.5941018232539603,0.0,0.0,64.05867970660147,29.22686061572184,-0.6365062761517866,-0.6913097660172866,-1.3741584999109504,0.20944508684037075,0.8637317857665802,0.8959588959596924,0.10404110404030764,0.13626821423341984,0.849492695451443,-1.2543208733657145,32622,60.975700934579436,0.40510839122740977,0.33528046209757906,0.5948916087725902,0.6647195379024209,-4.818158024092387,0.0,1.1395047463404981,-6.5274151436031325,0.0,1.8236433054547216,0.039254183625890726,-0.1335822573712968,-2.4681201151789387,0.0,-0.6365062761517866,0.0,last_available,True
2006Q4,2006Q4,2007-02-09 17:45:00,8.818342151675484,0.07618467164406521,0.0,0.0,2.9394473838918285,8.60886789577937,0.0,0.6856620447965869,1.1757789535567313,1.8284321194575652,0.0,0.0,93.41563786008231,31.631113819899436,-0.6365062761517866,-0.6913097660172866,2.622837412409963,0.40429059590540195,0.8295276373054904,0.8793084151549805,0.12069158484501952,0.1704723626945096,0.8462568987374286,-1.3316620230291751,37597,62.55740432612313,0.2570184957641674,0.18410146150250764,0.7429815042358325,0.8158985384974924,-0.7280342786998584,0.0,-1.2692088215043935,8.818342151675484,0.0,-3.7454212344388225,-0.01175750287702082,0.2343302962036049,0.07618467164406521,0.0,-0.6365062761517866,0.0,last_available,True
2007Q1,2007Q1,2007-05-10 19:40:00,3.902439024390244,0.18443378827001108,0.0,0.09221689413500554,6.829268292682927,12.818148284765769,0.0,0.9221689413500553,0.0,1.383253412025083,0.0,-0.09221689413500554,68.53658536585367,30.79859830320914,-0.6365062761517866,-0.8564004580363063,-0.7644846187746123,0.33682186616753523,0.8452544413468014,0.8899530963327981,0.11004690366720193,0.1547455586531986,0.8678506357225637,-0.8155342833823948,36889,58.461172741679874,0.4821418135092211,0.37192225450698735,0.517858186490779,0.6280777454930127,3.889820908791098,0.0,-1.1757789535567313,-4.91590312728524,0.0,4.209280388986398,0.23650689655346846,-0.4451787074324822,0.10824911662594587,0.09221689413500554,-0.6365062761517866,0.0,last_available,True
2007Q2,2007Q2,2007-08-08 17:30:00,6.529850746268656,0.50801944988751,0.0,0.29029682850714855,5.597014925373134,8.346033819580521,0.9328358208955224,3.1932651135786343,0.9328358208955224,2.3223746280571884,0.0,-0.01451484142535744,74.8134328358209,20.179258291603162,-0.6365062761517866,-0.7172948660137195,0.09011801234799179,-0.5237907793311704,0.8633370687551281,0.8891530268860567,0.11084697311394331,0.13666293124487194,0.8740701910260159,-0.6668761320587626,42085,60.29369627507163,0.5312460439547152,0.4374899235469442,0.4687539560452848,0.5625100764530557,-1.2322533673097924,0.9328358208955224,0.9328358208955224,2.6274117218784125,0.0,-4.472114465185248,2.271096172228579,0.9391212160321054,0.3235856616174989,0.198079934372143,-0.6365062761517866,0.0,last_available,True
2007Q3,2007Q3,2007-11-08 17:57:00,6.993006993006993,0.4734288081429755,0.0,0.05917860101787194,5.994005994005994,7.63403953130548,0.0,1.4794650254467985,0.999000999000999,3.2548230559829565,0.0,-0.05917860101787194,71.57842157842157,18.187063557817496,-0.6365062761517866,-0.7972538697132416,-0.3503338459316147,-0.6852422422580632,0.8742798068605492,0.8954242339556918,0.10457576604430818,0.12572019313945082,0.8874760291139877,-0.34645336710711716,39980,59.142011834319526,0.6088616585529069,0.5579776150907404,0.39113834144709314,0.4420223849092596,0.39699106863286016,-0.9328358208955224,0.06616517810547662,0.463156246738337,0.0,-0.711994288275041,-1.7138000881318358,0.9324484279257681,-0.03459064174453452,-0.23111822748927663,-0.6365062761517866,0.0,historical_mean_constant,True
2007Q4,2007Q4,2008-02-22 17:02:00,4.440497335701599,0.18286550242296792,0.0,0.0,3.108348134991119,10.057602633263235,0.44404973357015987,1.9200877754411632,3.108348134991119,1.828655024229679,0.0,0.0,67.60435168738898,25.49327969278595,-0.6365062761517866,-0.6913097660172866,-0.8914096967295781,-0.09313181075963582,0.8830571026531465,0.9041325307535544,0.09586746924644562,0.11694289734685348,0.8835388680493265,-0.4405583403374468,42022,59.18591549295775,0.537526526229352,0.45328848972623376,0.46247347377064796,0.5467115102737663,-2.8856578590148754,0.44404973357015987,2.10934713599012,-2.5525096573053947,0.0,2.423563101957755,0.4406227499943647,-1.4261680317532774,-0.29056330572000755,-0.05917860101787194,-0.6365062761517866,0.0,historical_mean_constant,True
2008Q1,2008Q1,2008-05-14 17:59:00,5.9473237043330505,0.200300450676014,0.0,0.0,4.248088360237893,6.810215322984477,1.6992353440951573,2.00300450676014,0.8496176720475787,1.802704056084126,0.0,0.4807210816224337,77.82073067119796,16.617926890335497,-0.6365062761517866,0.16929800848650878,0.4995663309473223,-0.8124082296993562,0.8737981254764131,0.8992254976396243,0.10077450236037566,0.1262018745235869,0.8859908485654209,-0.3819517562940765,40712,62.63384615384616,0.6206118780714912,0.5403131137156676,0.3793881219285088,0.4596868862843324,1.1397402252467739,1.2551856105249974,-2.2587304629435403,1.5068263686314518,0.0,-3.247387310278758,0.0829167313189767,-0.025950968145552977,0.01743494825304609,0.0,-0.6365062761517866,0.0,historical_mean_constant,True
2008Q2,2008Q2,2008-08-15 16:23:00,2.1037868162692845,0.6554034372269152,0.0,0.0,4.908835904628331,8.447422079813574,0.7012622720897616,1.5292746868628022,0.7012622720897616,1.966210311680746,0.0,-0.29129041654529564,69.7405329593268,17.540052432274983,-0.6365062761517866,-1.2127905304373998,-0.6005652649845422,-0.7376773235165667,0.8727482229343654,0.8991925802929948,0.10080741970700524,0.12725177706563462,0.8614352659253443,-0.9688727404876407,40263,60.00447093889717,0.5698260215515936,0.5326496508175302,0.43017397844840644,0.46735034918246976,0.6607475443904383,-0.9979730720053958,-0.1483553999578171,-3.843536888063766,0.0,1.637206756829097,-0.47372981989733765,0.1635062555966198,0.4551029865509012,0.0,-0.6365062761517866,0.0,historical_mean_constant,True
2008Q3,2008Q3,2008-11-17 18:59:00,0.0,0.19364833462432224,0.0,0.19364833462432224,7.900677200902935,7.875032274722438,0.0,0.4518461141234186,1.128668171557562,1.9364833462432223,3.4988713318284423,0.19364833462432224,63.713318284424375,12.918925897237285,3.9665732895845056,-0.34463210059237387,-1.4211799993966352,-1.112182700324971,0.8647278567481319,0.8729826967640905,0.12701730323590954,0.1352721432518681,0.8416166440273092,-1.4425721529695337,36999,58.45023696682465,0.36801339298099367,0.30629483291534276,0.6319866070190063,0.6937051670846572,2.991841296274604,-0.7012622720897616,0.4274058994678004,-2.1037868162692845,0.0,-0.5723898050911362,-1.0774285727393837,-0.029726965437523623,-0.46175510260259295,0.19364833462432224,-0.6365062761517866,4.603079565736293,historical_mean_constant,True
2008Q4,2008Q4,2009-02-23 19:41:00,8.119079837618402,0.06491398896462187,0.0,0.06491398896462187,6.7658998646820026,7.27036676403765,0.6765899864682003,0.6491398896462187,2.0297699594046006,2.207075624797144,2.774018944519621,0.8763388510223953,77.6725304465494,10.277831872768571,3.012964855389017,0.8775501344976346,0.47938863784204705,-1.326222265206094,0.8620154127248931,0.8733900678909484,0.12660993210905158,0.13798458727510687,0.8334028211689111,-1.6388967552689142,44814,59.752,0.43669165688977546,0.38266374962267563,0.5633083431102246,0.6173362503773243,-1.1347773362209326,0.6765899864682003,0.9011017878470386,8.119079837618402,0.0,-0.6046655106847876,0.19729377552280014,0.27059227855392165,-0.12873434565970038,-0.12873434565970038,-0.21804449744848728,3.2310093528375043,historical_mean_constant,True
2009Q1,2009Q1,2009-05-06 16:10:00,7.6923076923076925,0.321285140562249,0.0,0.0,0.8547008547008547,5.542168674698795,0.0,2.329317269076305,4.273504273504274,2.0883534136546187,-1.794871794871795,1.0120481927710843,78.54700854700855,4.819277108433735,-2.9978213685170876,1.1205028966014712,0.5984502032356986,-1.7685945078501382,0.8496213649763197,0.8684572357206918,0.13154276427930822,0.15037863502368032,0.8282905690216468,-1.7610884420106898,36417,59.60229132569558,0.5815080357204796,0.481797726308414,0.4184919642795204,0.518202273691586,-5.911199009981148,-0.6765899864682003,2.2437343140996737,-0.42677214531070984,0.0,-1.7281980893388553,1.680177379430086,-0.11872221114252524,0.25637115159762713,-0.06491398896462187,2.3522739291855945,-5.350095297702682,expanding_ar1,True
2009Q2,2009Q2,2009-08-05 17:00:00,9.191176470588236,0.2982700338039372,0.9191176470588235,4.076357128653808,4.595588235294118,3.579240405647246,0.0,0.8948101014118115,6.4338235294117645,3.082123682640684,2.022058823529412,1.1930801352157487,85.52389705882352,6.316365082521385,2.0236937622534503,1.4445941483842832,1.5483645205382457,-1.6472674912449865,0.8851825659665856,0.9033992399049416,0.09660076009505836,0.11481743403341438,0.8655414372834446,-0.8707281283198822,38486,59.391975308641975,0.5723415716860687,0.51282118207113,0.4276584283139313,0.48717881792886997,3.740887380593263,0.0,2.16031925590749,1.498868778280543,0.9191176470588235,-1.9629282690515488,-1.4345071676644934,0.9937702689860655,-0.02301510675831181,4.076357128653808,-0.5823063389227454,2.6060001011761957,expanding_ar1,True
2009Q3,2009Q3,2009-11-11 16:00:00,4.882017900732302,0.07837604827964574,0.8136696501220504,1.7242730621522062,5.695687550854353,7.602476683125637,0.8136696501220504,1.0188886276353946,4.882017900732302,2.8215377380672466,1.708706265256306,0.23512814483893724,96.81041497152155,17.509992946155656,1.6114503211365798,-0.27037314145715274,3.0850416423824196,-0.740113404651855,0.9044403532329073,0.9120071084791336,0.08799289152086642,0.09555964676709272,0.8482807040135979,-1.2832895693221795,36238,62.15780445969125,0.6430233413839709,0.607022188761109,0.3569766586160291,0.392977811238891,1.100099315560235,0.8136696501220504,-1.5518056286794621,-4.309158569855933,-0.10544799693677309,4.023236277478391,0.12407852622358306,-0.26058594457343753,-0.21989398552429146,-2.352084066501602,-0.09524510579176051,1.7066954269283403,expanding_ar1,True
2009Q4,2009Q4,2010-02-11 18:20:09,5.0,0.38080731150038083,1.4285714285714286,0.06346788525006347,5.714285714285714,6.156384869256157,0.7142857142857143,1.0154861640010155,2.142857142857143,1.5232292460015233,1.5,0.4887027164254886,78.64285714285714,17.193450114242204,1.3368784796106434,0.1835870780267421,0.6115001399425473,-0.7657666715864251,0.9042554801636226,0.9093871069290971,0.09061289307090292,0.09574451983637744,0.839860138274551,-1.4845556847904382,44282,57.285899094437255,0.6384664776482999,0.597512363012782,0.3615335223517001,0.402487636987218,0.01859816343136167,-0.09938393583633609,-2.7391607578751596,0.11798209926769765,0.6149017784493782,-1.4460918138694803,-0.003402463634379016,-1.2983084920657233,0.3024312632207351,-1.6608051769021428,0.18497549523146462,1.1519029843791788,expanding_ar1,True
2010Q1,2010Q1,2010-05-10 17:30:05,7.6277650648360025,0.5226177341617791,1.5255530129672006,0.17420591138725974,4.576659038901602,6.61982463271587,0.7627765064836003,1.6839904767435108,3.8138825324180012,1.8581963881307704,1.6018306636155608,0.3077637767841589,81.00686498855835,16.443876662214752,1.4708458657760566,-0.1403376760952425,0.9333635171549423,-0.8265136097991497,0.8811643024506771,0.8923841431844383,0.10761585681556174,0.11883569754932288,0.8269235664523291,-1.7937621726706008,39745,59.40956651718984,0.6795816965593126,0.5926068382318118,0.32041830344068745,0.4073931617681882,-1.1376266753841122,0.04849079219788599,1.6710253895608584,2.6277650648360025,0.09698158439577198,0.4634397634597134,0.6685043127424952,0.33496714212924705,0.14181042266139832,0.11073802613719627,0.30301329553478834,1.1678325702412682,expanding_ar1,True
2010Q2,2010Q2,2010-08-05 18:45:48,9.887005649717516,0.4360284041360409,1.4124293785310735,0.0,4.237288135593221,7.225613554254391,1.4124293785310735,1.058926124330385,3.5310734463276834,1.681823844524729,1.4830508474576272,0.06228977201943441,83.79943502824857,21.858103899339724,1.3145803467771697,-0.5797959087696068,1.31357630947342,-0.387733759000437,0.8845083266591998,0.9006825419217742,0.09931745807822578,0.11549167334080024,0.8698680733739694,-0.7673140269434499,42987,60.54507042253521,0.7205296209551315,0.6257001646287321,0.2794703790448685,0.3742998353712679,-0.3393709033083816,0.6496528720474732,-0.28280908609031785,2.259240584881513,-0.11312363443612705,0.6057889215385206,-0.6250643524131259,-0.17637254360604127,-0.08658933002573826,-0.17420591138725974,0.42453718812121166,0.8900431586559581,expanding_ar1,True
2010Q3,2010Q3,2010-11-02 18:21:02,8.88888888888889,0.3295707341188102,1.2698412698412698,1.2358902529455382,3.8095238095238093,7.250556150613825,1.2698412698412698,0.9887122023564308,2.5396825396825395,1.8126390376534562,1.3333333333333333,0.1524264645299497,84.54603174603173,21.61572052401747,1.1176135067481512,-0.418429284113162,1.415226623975697,-0.40737699460952503,0.8997246457861651,0.9054678392664027,0.09453216073359727,0.10027535421383493,0.8611921180036939,-0.974684397232724,43429,59.00679347826087,0.9075954990830326,0.8893641837000934,0.09240450091696739,0.1106358162999066,-0.4277643260694113,-0.14258810868980376,-0.9913909066451438,-0.9981167608286263,-0.14258810868980376,0.024942596359434077,-0.07021392197395415,0.13081519312872714,-0.10645767001723067,1.2358902529455382,0.48607380870225914,0.631539698045892,expanding_ar1,True
2010Q4,2010Q4,2011-01-30 19:23:48,0.0,0.6207875133025896,0.0,0.5321035828307911,0.0,7.272082298687478,2.7624309392265194,3.1926214969847466,0.0,1.5963107484923733,0.0,2.257006030507272,77.4585635359116,20.85846044696701,-0.6365062761517866,3.349280528880783,0.45025670725441397,-0.46874687235415824,0.9081038984369519,0.9115828157787693,0.08841718422123068,0.09189610156304806,0.8630991031105036,-0.9291041480430938,43935,61.020833333333336,0.3532318256760631,0.35425686868021433,0.6467681743239369,0.6457431313197857,-3.8095238095238093,1.4925896693852496,-2.5396825396825395,-8.88888888888889,-1.2698412698412698,0.021526148073652607,2.203909294628316,-0.21632828916108293,0.2912167791837794,-0.7037866701147472,0.5077083326707065,-1.1442146088224932,expanding_ar1,True
2011Q1,2011Q1,2011-05-03 18:35:17,5.319148936170213,0.653923541247485,1.1820330969267139,0.15090543259557343,4.7281323877068555,5.28169014084507,1.7730496453900708,1.9617706237424546,3.5460992907801416,1.9114688128772634,0.0,0.12072434607645868,73.46335697399526,11.35362173038229,-0.6365062761517866,-0.4751837944775382,-0.09369693444684167,-1.2390380942171473,0.8589112680051527,0.8482319065055993,0.15176809349440068,0.14108873199484728,0.8585256373893105,-1.0384179053911788,45608,65.90751445086705,0.3018678750854167,0.2679369294594786,0.6981321249145833,0.7320630705405213,4.7281323877068555,-0.9893812938364486,3.5460992907801416,5.319148936170213,1.1820330969267139,-1.9903921578424075,-1.230850873242292,0.31515806438489014,0.03313602794489534,-0.38119815023521764,0.22590654093665125,-0.8624128170884378,expanding_ar1,True
2011Q2,2011Q2,2011-08-12 16:13:59,8.0,0.5837030119075415,2.0,0.17511090357226244,3.3333333333333335,6.770954938127481,2.0,1.575998132150362,4.0,2.6850338547746904,0.0,-0.30060705113238384,80.36666666666666,16.7026616857343,-0.6365062761517866,-1.2294695746157793,0.8461995111875058,-0.8055411516743325,0.9070531335209783,0.9165849446722549,0.08341505532774507,0.09294686647902173,0.9006529001588083,-0.03150331132649667,43222,60.281729428172945,0.7827658777736947,0.7284248964688494,0.21723412222630534,0.27157510353115055,-1.394799054373522,0.22695035460992918,0.45390070921985837,2.6808510638297873,0.8179669030732861,1.4892647972824111,-0.3857724915920926,0.7735650418974269,-0.0702205293399435,0.024205470976689014,0.1679391689760113,-0.8044454451277978,expanding_ar1,True
2011Q3,2011Q3,2011-11-16 15:30:00,7.8431372549019605,0.4725060539838167,3.2679738562091503,0.3543795404878625,1.9607843137254901,6.851337782765342,1.3071895424836601,1.358454905203473,3.9215686274509802,2.3034670131711064,0.0,-0.008859488512196584,79.44444444444446,14.957179138857715,-0.6365062761517866,-0.7071704074228821,0.7206375087074706,-0.9469985634059018,0.9143968762942505,0.9193753807287174,0.08062461927128262,0.08560312370574952,0.8860448816655111,-0.3806602715531596,42857,60.87642045454545,0.7382654445682917,0.7068397531499941,0.2617345554317083,0.29316024685000586,-1.3725490196078434,-0.6928104575163399,-0.07843137254901977,-0.15686274509803955,1.2679738562091503,0.08038284463786116,-0.2175432269468891,-0.381566841603584,-0.1111969579237248,0.17926863691560008,0.11727359740613134,-0.7537798735579179,expanding_ar1,True
2011Q4,2011Q4,2012-02-15 17:07:02,7.657945118059987,0.27016074564365794,2.5526483726866624,0.06754018641091449,2.5526483726866624,7.96974199648791,1.2763241863433312,1.4858841010401187,8.934269304403319,2.296366337971093,0.0,0.33770093205457247,73.77153797064453,10.651087397001215,-0.6365062761517866,-0.08674287953401998,-0.051737608231156654,-1.2959728877677796,0.8964890566364161,0.8978143642934181,0.1021856357065819,0.10351094336358391,0.887336808321008,-0.3497809853531807,45085,63.679378531073446,0.677582587975881,0.6630161227123843,0.322417412024119,0.3369838772876157,0.5918640589611723,-0.030865356140328926,5.012700676952338,-0.1851921368419731,-0.7153254835224878,1.1184042137225676,0.1274291958366458,-0.007100675200013562,-0.20234530834015874,-0.28683935407694805,0.07261192496134061,-0.7091182011131272,expanding_ar1,True
2012Q1,2012Q1,2012-05-10 19:02:49,6.3965884861407245,0.28901734104046245,1.5991471215351811,0.14450867052023122,2.6652452025586353,7.08092485549133,1.0660980810234542,1.2283236994219653,8.528784648187633,2.3843930635838153,0.0,0.28901734104046245,72.28144989339019,15.390173410404623,-0.6365062761517866,-0.1738983601634573,-0.25461543782936885,-0.9119078378886373,0.8923050733125153,0.8960152561601947,0.10398474383980527,0.1076949266874847,0.8711542872324614,-0.7365712864931615,41161,58.38439716312057,0.7384120063491062,0.719863962927523,0.2615879936508938,0.28013603707247703,0.11259682987197284,-0.21022610531987707,-0.40548465621568575,-1.2613566319192628,-0.9535012511514813,-0.8888171409965802,-0.2575604016181534,0.08802672561272251,0.01885659539680451,0.07696848410931674,0.032946648296683645,-0.6694529244484702,expanding_ar1,True
2012Q2,2012Q2,2012-08-02 17:22:09,6.714876033057852,0.4729410174988177,1.5495867768595042,0.06756300249983109,5.1652892561983474,7.702182284980744,1.0330578512396695,1.0810080399972974,9.814049586776859,2.162016079994595,0.5165289256198348,0.20268900749949328,76.70454545454545,8.472400513478823,0.04303392900056538,-0.32844709506513825,0.34759596245653457,-1.472538049114184,0.9102160421077267,0.917641883998769,0.082358116001231,0.08978395789227334,0.890416265750206,-0.27617661556000506,41444,59.89017341040462,0.8030581011926513,0.7833929771594251,0.1969418988073487,0.21660702284057487,2.500044053639712,-0.033040229783784625,1.2852649385892256,0.31828754691712735,-0.04956034467567694,0.6212574294894146,-0.14731565942466784,-0.22237698358922042,0.18392367645835522,-0.07694566802040013,-0.002516254198198384,0.04555018319876376,expanding_ar1,True
2012Q3,2012Q3,2012-11-02 18:06:12,6.575619625695499,0.4742708086317287,1.5174506828528074,0.07904513477195478,2.5290844714213456,7.746423207651569,1.5174506828528074,1.185677021579322,10.116337885685383,2.371354043158644,0.5058168942842691,1.3437672911232312,67.93120890237734,14.522172160303542,0.028941289439995577,1.7143608443947147,-0.8469075740848949,-0.9822524027419387,0.9041849016708867,0.9113387772664489,0.08866122273355115,0.09581509832911328,0.8753610233241498,-0.6360230028964725,42523,60.48790896159317,0.8319071300857377,0.8064164875576995,0.1680928699142623,0.19358351244230054,-2.636204784777002,0.48439283161313784,0.3022882989085236,-0.13925640736235323,-0.032136094006696814,0.04424092267082447,0.10466898158202453,0.20933796316404907,0.0013297911329110401,0.01148213227212369,0.12254869671786633,-0.09360740727787076,expanding_ar1,True
2012Q4,2012Q4,2013-02-06 18:49:42,6.482982171799027,0.627431296273058,1.0804970286331712,0.06274312962730581,4.862236628849271,6.650771740494416,1.0804970286331712,1.1921194629188105,10.804970286331713,2.1960095369557036,0.0,0.853306562931359,72.28525121555916,16.139415234031876,-0.6365062761517866,0.8363167312758358,-0.25409788185196325,-0.8511877755076034,0.8764944182372008,0.8829065150694297,0.11709348493057026,0.12350558176279924,0.8601995487645013,-0.9984085223445578,45937,61.82637954239569,0.8365930099565286,0.8133811716331973,0.16340699004347137,0.18661882836680266,2.333152157427925,-0.43695365421963617,0.6886324006463305,-0.09263745389647138,-0.43695365421963617,-1.0956514671571531,0.006442441339488569,-0.1753445062029404,0.15316048764132933,-0.016302005144648968,0.11639418018389452,-0.7529004563356811,expanding_ar1,True
2013Q1,2013Q1,2013-05-09 18:43:08,5.513784461152882,0.29808480512705865,1.5037593984962407,0.0,3.0075187969924815,6.40882331023176,0.5012531328320802,3.0553692525523513,12.030075187969926,1.4159028243535285,0.0,0.9836798569192935,72.68170426065163,18.631045532453985,-0.6365062761517866,1.0697166687510333,-0.20012017774593008,-0.6492610512115338,0.8829955741041197,0.8879412846464093,0.11205871535359069,0.11700442589588034,0.8744965414948515,-0.6566856169140743,42714,60.33050847457627,0.8611601099421937,0.8477701323704304,0.13883989005780628,0.15222986762956958,-1.8547178318567892,-0.579243895801091,1.225104901638213,-0.9691977106461449,0.42326236986306953,-0.24194843026265556,1.8632497896335407,-0.780106712602175,-0.3293464911459994,-0.06274312962730581,-0.03254323776970751,-0.6039630383820791,expanding_ar1,True
2013Q2,2013Q2,2013-08-02 17:29:20,4.782400765184122,0.6584241714829175,1.4347202295552368,0.07315824127587973,3.825920612147298,8.70583071182969,0.0,1.2436901016899553,8.130081300813009,1.9021142731728728,0.47824007651841227,1.2071109810520153,79.26829268292683,18.111054210256786,-0.007338491754391399,1.4697127784406183,0.696654170002789,-0.6914021924635714,0.8881673746991934,0.8940987303145547,0.10590126968544533,0.11183262530080662,0.8955490070777832,-0.15349520189743968,43996,59.940054495912804,0.740039566489372,0.7410573293719445,0.25996043351062803,0.25894267062805554,0.8184018151548167,-0.5012531328320802,-3.899993887156917,-0.7313836959687601,-0.06903916894100393,2.297007401597929,-1.811679150862396,0.4862114488193443,0.3603393663558589,0.07315824127587973,-0.05976435024541589,0.05242585849102449,expanding_ar1,True
2013Q3,2013Q3,2013-11-05 16:12:14,4.997917534360684,0.726480203414457,1.249479383590171,0.06054001695120475,3.331945022907122,9.928562779997579,0.0,0.6659401864632523,8.329862557267806,1.8162005085361426,0.41649312786339027,0.3632401017072285,82.25739275301957,22.770916575856642,-0.088572149881502,-0.04102154798087208,1.1036248343071988,-0.31375758613814864,0.9059420163203259,0.908950148251908,0.09104985174809199,0.0940579836796741,0.8961712117054492,-0.13862343290737975,44994,60.475806451612904,0.9194529319388721,0.9216886885970323,0.08054706806112788,0.07831131140296765,-0.49397558924017604,0.0,0.19978125645479672,0.2155167691765616,-0.18524084596506585,1.2227320681678897,-0.577749915226703,-0.08591376463673028,0.06805603193153942,-0.012618224324674986,0.06145908335188322,-0.15003123323338521,expanding_ar1,True
2013Q4,2013Q4,2014-02-08 18:52:32,2.9433406916850626,0.0,0.7358351729212657,0.0,2.207505518763797,6.584362139917696,0.0,1.646090534979424,7.72626931567329,4.11522633744856,0.0,2.4691358024691357,77.63061074319353,27.53086419753086,-0.6365062761517866,3.7290444667092544,0.47368120446004786,0.07199813037975628,0.9143117356653743,0.9171829404754238,0.08281705952457619,0.08568826433462573,0.895000303822086,-0.1666101607067829,48559,61.311868686868685,0.8148961838353982,0.8133995046862925,0.1851038161646018,0.18660049531370748,-1.124439504143325,0.0,-0.603593241594516,-2.0545768426756212,-0.5136442106689053,-3.344200640079883,0.9801503485161717,2.2990258289124172,-0.726480203414457,-0.06054001695120475,0.0410772777405827,-0.6775835538923692,expanding_ar1,True
2014Q1,2014Q1,2014-05-06 18:55:09,6.169031462060457,0.5384615384615384,0.6169031462060457,0.15384615384615385,4.318322023442319,8.461538461538462,0.0,1.5384615384615385,2.4676125848241828,2.0,0.0,0.7384615384615384,59.80876002467612,18.999999999999993,-0.6365062761517866,0.6307161768166203,-1.9527917325346675,-0.6193602400465925,0.9084464844784765,0.9112561571809507,0.08874384281904935,0.09155351552152347,0.8827286229298474,-0.4599246029887156,43555,56.860313315926895,0.6892049527599684,0.701764030549321,0.3107950472400316,0.298235969450679,2.1108165046785223,0.0,-5.258656730849107,3.2256907703753943,-0.11893202671521996,1.877176321620766,-0.10762899651788538,-2.1152263374485596,0.5384615384615384,0.15384615384615385,-0.08558975954399609,-0.5509165166077905,expanding_ar1,True
2014Q2,2014Q2,2014-08-01 20:02:13,3.434065934065934,0.5063657407407407,1.3736263736263736,0.28935185185185186,3.0906593406593403,7.08912037037037,0.0,1.6637731481481481,7.554945054945055,1.880787037037037,0.3434065934065934,0.7703993055555556,69.05906593406593,19.115306712962973,-0.184724051847201,0.687892555619559,-0.6933480696644009,-0.610015552412674,0.9081908763729263,0.9070490113720852,0.09295098862791484,0.09180912362707372,0.8993936693865837,-0.06160110924861332,43561,60.33379501385041,0.7601456621747121,0.7763979638886673,0.23985433782528787,0.22360203611133267,-1.227662682782979,0.0,5.087332470120872,-2.734965527994523,0.7567232274203279,-1.3724180911680914,0.1253116096866096,-0.11921296296296302,-0.032095797720797736,0.135505698005698,-0.10715529090081857,-0.07756876094638243,expanding_ar1,True
2014Q3,2014Q3,2014-11-06 17:23:57,3.431708991077557,0.7467144563918758,1.3726835964310227,0.0,3.431708991077557,7.2431302270011955,0.0,1.4934289127837517,7.549759780370625,1.8667861409796893,0.6863417982155113,0.138142174432497,72.58064516129032,20.070191158900833,0.2664380184089226,-0.44400164110163837,-0.2138795326810764,-0.5326297988473855,0.921356922737847,0.9182123806121449,0.08178761938785506,0.07864307726215303,0.8997427607462747,-0.05325722071595447,46919,61.98018494055482,0.954315993115321,0.9440036026106823,0.045684006884678996,0.05599639738931772,0.34104965041821655,0.0,-0.0051852745744298545,-0.0023569429883769644,-0.0009427771953509634,0.15400985663082523,-0.17034423536439647,-0.014000896057347667,0.24034871565113514,-0.28935185185185186,-0.02045788164398991,0.28689590005291254,expanding_ar1,True
2014Q4,2014Q4,2015-02-10 17:47:18,3.9880358923230306,0.8775778850372971,0.6646726487205051,0.07313149041977475,2.326354270521768,6.874360099458827,0.0,1.3163668275559457,7.643735460285809,2.340207693432792,0.33233632436025257,0.3656574520988738,73.40977068793619,13.603919847886504,-0.19928798529935945,-0.036693902241416616,-0.10099279136821608,-1.0566694146241131,0.9074515508936387,0.9066326304839777,0.09336736951602231,0.09254844910636129,0.8801444858317796,-0.5216899583915933,49482,62.7148288973384,0.8648940491942954,0.8652438202030527,0.13510595080570464,0.13475617979694732,-1.105354720555789,0.0,0.09397567991518407,0.5563269012454737,-0.7080109477105175,-0.36877012754236826,-0.17706208522780598,0.4734215524531027,0.13086342864542122,0.07313149041977475,0.07722358559570064,-0.27651157089506007,expanding_ar1,True
2015Q1,2015Q1,2015-05-08 17:51:52,3.9906883937479214,0.0,1.3302294645826405,0.0,2.327901563019621,12.269073473417007,0.3325573661456601,0.5640953321111268,6.983704689058863,1.410238330277817,0.3325573661456601,0.42307149908334507,71.34020618556701,20.94909039627697,-0.1989971849728863,0.06609122012891946,-0.3827672454178175,-0.46140203921463974,0.9164078294722157,0.9171629718606557,0.08283702813934435,0.08359217052778434,0.8678908734389421,-0.8145725322219899,47535,60.4002541296061,0.9534062949468985,0.9455479749339171,0.04659370505310145,0.05445202506608293,0.0015472924978530145,0.3325573661456601,-0.6600307712269462,0.0026525014248908185,0.6655568158621353,5.39471337395818,-0.7522714954448189,-0.929969363154975,-0.8775778850372971,-0.07313149041977475,-0.022358287093181817,-0.17663889787970447,expanding_ar1,True
2015Q2,2015Q2,2015-08-07 18:19:14,3.745318352059925,0.0,1.361933946203609,0.0,3.0643513789581203,11.373688866422343,0.0,0.5054972829521042,6.809669731018046,1.2637432073802604,0.34048348655090227,0.12637432073802604,74.54545454545455,26.98091747756856,-0.18856966151952467,-0.46506896426646516,0.053632347668932434,0.027429343521738144,0.9150734956209469,0.9170018757535714,0.0829981242464286,0.08492650437905314,0.8925746718758593,-0.22458696826366023,47058,60.25352112676056,0.9307674987377297,0.9272095133728684,0.06923250126227032,0.07279048662713161,0.7364498159384993,-0.3325573661456601,-0.17403495804081714,-0.24537004168799648,0.031704481620968616,-0.8953846069946643,-0.05859804915902267,-0.14649512289755662,0.0,0.0,-0.02733318515505985,-0.1612364763644648,expanding_ar1,True
2015Q3,2015Q3,2015-11-06 19:15:23,4.072565716401333,0.0,2.59163272861903,0.0,2.59163272861903,8.0865479182603,0.0,1.748442793137362,8.515364679748242,1.5298874439951917,0.37023324694557574,0.0,73.5135135135135,22.757075729428472,-0.14943117908590234,-0.6913097660172866,-0.0868680428981169,-0.3148792761346523,0.9162571599759644,0.9147301808709246,0.08526981912907539,0.08374284002403565,0.8943891043459311,-0.1812188875018834,47710,61.4819587628866,0.8575224348174594,0.8554257769842291,0.14247756518254062,0.14457422301577094,-0.4727186503390901,0.0,1.705694948730196,0.327247364341408,1.229698782415421,-3.287140948162044,1.2429455101852578,0.26614423661493136,0.0,0.0,-0.029741413916711517,-0.11968976516919082,expanding_ar1,True
2015Q4,2015Q4,2016-02-06 14:10:10,3.8787023977433006,0.11842728564661298,1.0578279266572639,0.0,3.173483779971791,8.289909995262908,0.0,0.4737091425864519,8.462623413258111,1.4211274277593557,0.0,0.23685457129322596,68.07475317348377,16.089531027948837,-0.6365062761517866,-0.2672824177808467,-0.8273637963593584,-0.8552304917704603,0.9094690179822392,0.904431504360001,0.09556849563999903,0.09053098201776077,0.8840380485432208,-0.42862706136675327,55006,61.874015748031496,0.8426968851453086,0.844872016777888,0.1573031148546914,0.15512798322211196,0.581851051352761,0.0,-0.052741266490130556,-0.1938633186580323,-1.5338048019617663,0.203362077002609,-1.2747336505509101,-0.10876001623583598,0.11842728564661298,0.0,-0.02522141412978956,-0.611284862021997,expanding_ar1,True
2016Q1,2016Q1,2016-05-06 19:57:59,3.6642238507661555,0.0,1.665556295802798,0.0,3.6642238507661555,11.439466158245947,0.0,0.6355258976803305,9.993337774816789,1.5888147442008262,0.0,0.0,67.87475016655561,27.53415951700032,-0.6365062761517866,-0.6913097660172866,-0.8545945195481962,0.07226518968883525,0.9076235226758427,0.9001338765618819,0.09986612343811807,0.09237647732415732,0.8720235231098387,-0.71579504248688,45216,61.020242914979754,0.8962026323684817,0.8925622657896777,0.10379736763151826,0.10743773421032232,0.4907400707943643,0.0,1.5307143615586778,-0.21447854697714508,0.6077283691455342,3.149556162983039,0.1618167550938786,0.1676873164414705,-0.11842728564661298,0.0,-0.13811378928576076,-0.4983924868660258,expanding_ar1,True
2016Q2,2016Q2,2016-08-05 19:09:56,4.0733197556008145,0.0,2.0366598778004072,0.9555661729574773,2.715546503733876,1.433349259436216,0.0,0.0,9.843856076035303,0.0,0.3394433129667345,1.9111323459149545,72.55940257976917,2.2933588150979474,-0.18993810331575361,2.730082425581851,-0.21677174348381975,-1.9733000001279521,0.8790426073768141,0.8710014390634855,0.12899856093651452,0.12095739262318594,0.8941345858232005,-0.18730232132001415,49844,64.98565840938723,0.8477649918483653,0.8454517645527846,0.1522350081516347,0.1545482354472154,-0.9486773470322794,0.0,-0.14948169878148576,0.40909590483465896,0.3711035819976092,-10.006116898809731,-0.6355258976803305,-1.5888147442008262,0.0,0.9555661729574773,-0.1538421497838356,-0.036095953531918024,expanding_ar1,True
2016Q3,2016Q3,2016-11-08 19:05:39,4.275026718916993,0.0,1.7812611328820804,0.0,3.562522265764161,10.556496806985534,0.0,0.7819627264433728,12.112575703598147,2.0852339371823274,0.7125044531528322,0.7819627264433728,73.64089775561096,31.574351622572653,0.30085734135797704,0.7085938942883948,-0.06952447847649827,0.3996904734164023,0.8916189141216722,0.8873653771360772,0.11263462286392278,0.10838108587832784,0.8974781738169711,-0.10738477324934308,48933,67.77423822714681,0.9011764467095568,0.8963006989562362,0.09882355329044323,0.10369930104376379,0.8469757620302847,0.0,2.2687196275628434,0.20170696331617854,-0.2553987449183268,9.123147547549317,0.7819627264433728,2.0852339371823274,0.0,-0.9555661729574773,-0.06342262560557284,0.36427996696354986,expanding_ar1,True
2016Q4,2016Q4,2017-02-17 19:44:17,3.761969904240766,0.0,3.4199726402188784,0.0,3.4199726402188784,10.549982704946386,0.0,2.4213075060532687,9.917920656634747,0.6918021445866482,0.3419972640218878,0.5188516084399862,64.71956224350205,30.992736077481844,-0.18657815126295174,0.23756093491020355,-1.2841783056174652,0.3525551813571291,0.9089511854394553,0.9060512422316015,0.0939487577683985,0.0910488145605447,0.9540529249043159,1.2448498316220282,54221,66.8569667077682,0.839185591283215,0.8395909354628804,0.16081440871678498,0.16040906453711956,-0.1425496255452825,0.0,-2.1946550469633994,-0.5130568146762271,1.638711507336798,-0.006514102039147929,1.6393447796098959,-1.3934317925956792,0.0,0.0,0.0455196948296412,-0.23209784609259293,expanding_ar1,True
2017Q1,2017Q1,2017-05-12 19:47:16,3.997335109926716,0.0,3.997335109926716,0.0,3.997335109926716,8.514452162222721,0.0,0.33609679587721264,10.992671552298468,2.4647098364328928,-0.6662225183211192,0.11203226529240422,66.36242504996669,39.80506385839122,-1.512981850552155,-0.4907447352919617,-1.0604999569407096,1.0667239259534536,0.9113081511127886,0.9096527273402762,0.09034727265972375,0.08869184888721138,0.956616368924119,1.306120586589676,47820,64.88466757123473,0.8123059446939038,0.8054735764930764,0.18769405530609617,0.19452642350692362,0.5773624697078374,0.0,1.0747508956637208,0.23536520568594987,0.5773624697078374,-2.0355305427236647,-2.085210710176056,1.7729076918462445,0.0,0.0,-0.0591266463264962,-1.453855204225659,expanding_ar1,True
2017Q2,2017Q2,2017-08-11 20:37:37,3.655193420651843,0.46443223159687286,3.350593968930856,0.0,2.436795613767895,7.198699589751529,0.0,1.3158913228578062,9.442583003350594,1.8577289263874914,0.0,-0.23221611579843643,65.61681388973498,24.800681167273,-0.6365062761517866,-1.1070331496199453,-1.1620160862360607,-0.14926138648268106,0.9093621533084031,0.9056115461594703,0.09438845384052974,0.09063784669159691,0.9016290089364474,-0.008172619774633448,49230,64.86166007905139,0.8589766940162215,0.8524684005942433,0.14102330598377855,0.14753159940575666,-1.5605394961588206,0.0,-1.5500885489478744,-0.342141689274873,-0.6467411409958599,-1.315752572471192,0.9797945269805935,-0.6069809100454013,0.46443223159687286,0.0,-0.36635602915801196,-0.2701502469937746,expanding_ar1,True
2017Q3,2017Q3,2017-11-17 22:43:24,3.6475869809203143,0.30021014710297206,3.0864197530864197,0.3602521765235665,3.6475869809203143,10.32722906034224,0.0,1.3209246472530771,8.13692480359147,1.861302912038427,-0.28058361391694725,0.0720504353047133,68.98428731762066,32.59381567096969,-1.005639227098743,-0.56232194511635,-0.7035292956176533,0.48230988768536015,0.8946790239921194,0.8914579007552661,0.1085420992447339,0.1053209760078806,0.8865222173301923,-0.36925112186154724,52092,62.236559139784944,0.8021248688762652,0.7990834516792914,0.19787513112373478,0.2009165483207086,1.210791367152419,0.0,-1.3056581997591241,-0.007606439731528525,-0.26417421584443623,3.1285294705907116,0.005033324395270933,0.003573985650935585,-0.1642220844939008,0.3602521765235665,-0.19523082173767392,-0.8104084053610692,expanding_ar1,True
2017Q4,2017Q4,2018-02-14 17:24:57,4.427577482605946,0.45754624485260476,3.1625553447185326,0.39218249558794693,5.376344086021506,7.712922413229623,0.0,4.052552454408785,9.803921568627452,2.1570037257337082,-0.6325110689437066,0.3300869337865219,67.26755218216319,27.58154127720767,-1.468631410354793,-0.10037379017024071,-0.9372654777890884,0.07610510271128934,0.9062782953332624,0.9063392077784083,0.09366079222159174,0.09372170466673757,0.8850869824270495,-0.4035557235583813,52800,61.53846153846154,0.7856763469111957,0.7842298061752123,0.2143236530888043,0.21577019382478768,1.7287571051011916,0.0,1.6669967650359823,0.7799905016856314,0.07613559163211292,-2.6143066471126177,2.7316278071557076,0.29570081369528123,0.1573360977496327,0.03193031906438043,-0.29834805664132874,-1.1702833537134643,expanding_ar1,True
2018Q1,2018Q1,2018-05-11 21:09:24,5.487547488391726,0.1539408866995074,4.221190375685944,0.0,4.6433094132545385,11.853448275862068,0.0,0.3078817733990148,9.70873786407767,1.6933497536945814,-0.4221190375685943,0.46182266009852213,67.16336006753905,39.923029556650235,-1.1918417920551017,0.13546523286860424,-0.951451397667827,1.0762841030968386,0.9128290063086653,0.9136809809917038,0.0863190190082962,0.08717099369133474,0.8776873210854952,-0.5804204545216778,45894,60.86737400530504,0.783396777347241,0.7774104778895742,0.216603222652759,0.22258952211042582,-0.7330346727669674,0.0,-0.09518370454978253,1.0599700057857806,1.058635030967411,4.140525862632445,-3.74467068100977,-0.46365397203912684,-0.30360535815309736,-0.39218249558794693,-0.44919021506685874,-0.7426515769882429,expanding_ar1,True
2018Q2,2018Q2,2018-08-10 21:35:21,5.026929982046679,0.0,2.5134649910233393,0.0,5.3859964093357275,13.359351546082257,0.0,0.30021014710297206,10.053859964093357,2.1014710297208046,0.3590664272890485,0.30021014710297206,75.80251346499104,44.70129090363254,-0.16412213353959512,-0.15386051226338415,0.22478289183176994,1.463524000700301,0.9027811529366576,0.900354716949013,0.09964528305098697,0.09721884706334238,0.8956019551058971,-0.1522296522573741,47902,62.53524804177545,0.7888809685526438,0.7974188372169011,0.21111903144735622,0.2025811627830989,0.742686996081189,0.0,0.3451221000156881,-0.4606175063450477,-1.7077253846626044,1.5059032702201893,-0.007671626296042733,0.40812127602622317,-0.1539408866995074,0.0,-0.415721469648086,0.25159933610849083,expanding_ar1,True
2018Q3,2018Q3,2018-11-09 22:15:03,3.8569424964936885,0.0,2.805049088359046,0.0,5.259467040673211,12.24889759921607,0.0,3.6746692797648213,6.661991584852735,1.224889759921607,1.0518934081346423,0.2449779519843214,75.80995792426367,42.94463498285155,0.7473540013814742,-0.2527395885909639,0.2257964666417551,1.321161076303678,0.9150270444816888,0.9109268208992731,0.08907317910072687,0.08497295551831119,0.8892882121532348,-0.3031390516407059,47868,62.005181347150256,0.8018037349474306,0.8150995248318803,0.19819626505256938,0.1849004751681197,-0.12652936866251618,0.0,-3.3918683792406226,-1.1699874855529901,0.2915840973357069,-1.110453946866187,3.3744591326618494,-0.8765812697991975,0.0,0.0,-0.14949322060305156,0.8968472219845258,expanding_ar1,True
2018Q4,2018Q4,2019-02-21 19:42:13,0.0,0.0,0.0,0.0,9.900990099009901,11.80327868852459,0.0,0.32786885245901637,6.600660066006601,1.8032786885245902,0.0,0.32786885245901637,86.13861386138615,36.80327868852459,-0.6365062761517866,-0.10434469576999184,1.632059177669692,0.8234532261327201,0.9103483629477277,0.9046412569552268,0.09535874304477321,0.0896516370522723,0.8845390138458352,-0.41665312237426416,51318,62.05320435308344,0.4189940297144975,0.41996986290733457,0.5810059702855025,0.5800301370926655,4.6415230583366895,0.0,-0.06133151884613408,-3.8569424964936885,-2.805049088359046,-0.4456189106914792,-3.346800427305805,0.5783889286029831,0.0,0.0,0.09612044324312263,-0.7326267193949092,expanding_ar1,True
2019Q1,2019Q1,2019-05-17 20:24:55,3.125,0.0,1.5625,0.0,7.5,11.199568209418432,0.0,0.4048036702199433,6.25,1.349345567399811,0.0,0.13493455673998112,78.39687500000001,43.403049520982314,-0.6365062761517866,-0.44974405771149123,0.5780092852578185,1.3583119112863244,0.9152144994211321,0.9084113809744186,0.09158861902558135,0.08478550057886791,0.8758952214427574,-0.6232547420034953,47980,59.975,0.40980790966473374,0.3971899558625353,0.5901920903352662,0.6028100441374646,-2.400990099009901,0.0,-0.3506600660066006,3.125,1.5625,-0.6037104791061587,0.07693481776092692,-0.45393312112477924,0.0,0.0,-0.258842525506223,-0.37766375064556357,expanding_ar1,True
2019Q2,2019Q2,2019-08-09 21:52:59,2.828409805153991,0.0,2.1998742928975488,0.0,5.971087366436203,12.416928996152501,0.0,0.3497726477789437,8.485229415461975,1.9237495627841903,0.0,0.17488632388947184,70.28912633563796,33.753060510668064,-0.6365062761517866,-0.37822066768670787,-0.5258734160818641,0.5762574180576043,0.9187835867915689,0.9089091425418251,0.09109085745817491,0.08121641320843109,0.8980966181010018,-0.09260288298949786,47767,60.311868686868685,0.8628961744017118,0.8666111153518973,0.13710382559828815,0.13338888464810272,-1.528912633563797,0.0,2.2352294154619745,-0.2965901948460088,0.6373742928975488,1.2173607867340692,-0.05503102244099961,0.5744039953843794,0.0,0.0,-0.2675084676497877,-0.36899780850199887,expanding_ar1,True
2019Q3,2019Q3,2019-11-16 09:00:00,4.059539918809201,0.0,0.9021199819576003,0.0,6.314839873703202,9.42675159235669,0.9021199819576003,2.8025477707006368,9.021199819576003,0.5095541401273885,0.0,0.0,65.96752368064952,32.04585987261147,-0.6365062761517866,-0.6913097660172866,-1.1142663979554268,0.43790244911328047,0.9053771220300236,0.8943470924148297,0.10565290758517032,0.09462287796997637,0.8815836075690595,-0.4872924546223229,44427,65.81777777777778,0.7286077393014423,0.7370199109752306,0.2713922606985577,0.26298008902476944,0.34375250726699935,0.9021199819576003,0.5359704041140283,1.23113011365521,-1.2977543109399483,-2.990177403795812,2.452775122921693,-1.4141954226568019,0.0,0.0,-0.27578563018548186,-0.3607206459663047,expanding_ar1,True
2019Q4,2019Q4,2020-02-19 20:29:12,3.9768618944323935,0.0,1.8076644974692697,0.0,4.3383947939262475,18.008747105737076,0.3615328994938539,0.5145356315924878,8.676789587852495,0.7718034473887316,0.7230657989877078,0.0,67.48011569052784,28.307177772060715,0.3147517406052295,-0.6913097660172866,-0.9083246226228193,0.13491214183268238,0.8930450984755764,0.8838674449194281,0.11613255508057185,0.10695490152442355,0.9434263894165729,0.9908572158306672,42544,63.40387481371088,0.5919358589819117,0.5966987590380558,0.4080641410180883,0.4033012409619442,-1.9764450797769548,-0.5405870824637464,-0.3444102317235078,-0.08267802437680771,0.9055445155116694,8.581995513380386,-2.288012139108149,0.2622493072613431,0.0,0.0,-0.28369960181320875,0.5984513424184382,expanding_ar1,True
2020Q1,2020Q1,2020-05-10 09:00:20,4.080118694362018,0.0,0.741839762611276,0.0,7.4183976261127595,3.7151702786377707,0.741839762611276,0.0,7.4183976261127595,3.7151702786377707,0.741839762611276,0.6191950464396285,68.9940652818991,-10.897832817337466,0.339450576351888,0.4172001189698646,-0.7021980104399649,-3.0423406670303557,0.8751320037504531,0.8513451085118853,0.14865489148811473,0.12486799624954692,0.9496916998317442,1.1406089936259531,42938,64.66566265060241,0.6719437379418756,0.6589462966073456,0.32805626205812444,0.3410537033926544,3.080002832186512,0.3803068631174221,-1.2583919617397354,0.10325679992962478,-1.0658247348579937,-14.293576827099304,-0.5145356315924878,2.943366831249039,0.0,0.0,-0.039160544586070156,0.3786111209379582,expanding_ar1,True
2020Q2,2020Q2,2020-08-06 18:01:45,4.150943396226415,0.0,0.3773584905660377,0.0,7.547169811320755,8.186655751125665,0.7547169811320754,0.20466639377814164,8.679245283018867,1.8419975440032748,0.3773584905660377,0.0,70.07396226415092,17.31477691363078,-0.14005728099142692,-0.6913097660172866,-0.5551683419974104,-0.7559341040560911,0.9015758081413308,0.8902188437513024,0.10978115624869755,0.09842419185866924,0.9525201860667373,1.2082147169008994,44062,66.76060606060607,0.7599895103521809,0.7579651509738173,0.24001048964781913,0.24203484902618266,0.12877218520799527,0.012877218520799372,1.2608476569061073,0.07082470186439682,-0.36448127204523834,4.471485472487894,0.20466639377814164,-1.873172734634496,0.0,0.0,-0.024956412493905303,-0.11510086849752162,expanding_ar1,True
2020Q3,2020Q3,2020-11-26 17:00:36,3.442340791738382,0.0,0.6884681583476765,0.0,4.130808950086058,9.30232558139535,0.34423407917383825,0.20222446916076844,10.671256454388985,1.2133468149646107,0.6884681583476765,0.0,73.53046471600688,25.747219413549026,0.26923543618897305,-0.6913097660172866,-0.08456011008298274,-0.07255202570291253,0.9084911802007665,0.9084621921892876,0.09153780781071241,0.09150881979923353,0.9545886363770271,1.2576542643009843,47612,69.10304789550072,0.6795938541258432,0.6780982459771581,0.32040614587415683,0.32190175402284193,-3.416360861234697,-0.41048290195823717,1.9920111713701179,-0.7086026044880329,0.3111096677816388,1.1156698302696846,-0.0024419246173731923,-0.628650729038664,0.0,0.0,-0.14513319635547856,0.4143686325444516,expanding_ar1,True
2020Q4,2020Q4,2021-02-08 22:20:39,4.49438202247191,0.0,0.9630818619582664,2.1502293577981653,3.531300160513644,11.754587155963304,0.32102728731942215,0.286697247706422,9.630818619582664,2.5802752293577984,0.32102728731942215,0.0,64.59069020866772,34.26032110091743,-0.21416603949851107,-0.6913097660172866,-1.301724435354487,0.6173668352205003,0.9052589538755792,0.9026768129045271,0.09732318709547294,0.0947410461244208,0.9635476211220159,1.4717895271850396,51218,70.25788751714677,0.7860556196556647,0.7779543895206626,0.21394438034433527,0.22204561047933735,-0.5995087895724138,-0.023206791854416098,-1.0404378348063208,1.0520412307335283,0.2746137036105899,2.452261574567954,0.08447277854565358,1.3669284143931877,0.0,2.1502293577981653,-0.03745894941337728,-0.1767070900851338,expanding_ar1,True
2021Q1,2021Q1,2021-05-11 18:56:38,5.237430167597765,0.0,1.3966480446927374,0.0,4.888268156424581,13.804870482394913,0.34916201117318435,3.5675507988211574,12.220670391061452,1.2408872343725765,0.6983240223463687,0.1861330851558865,68.78491620111731,43.306964479602904,0.28220171070223105,-0.35808622683548114,-0.7306739859337457,1.3505249865279108,0.8919921148350378,0.8884200263533981,0.11157997364660188,0.10800788516496218,0.9430263707612909,0.9812960766675228,41970,66.61904761904762,0.765177533925464,0.7645036621864197,0.23482246607453605,0.23549633781358026,1.3569679959109369,0.0281347238537622,2.589851771478788,0.7430481451258544,0.433566182734471,2.050283326431609,3.2808535511147356,-1.3393879949852219,0.0,-2.1502293577981653,-0.15911185526890187,0.4413135659711329,expanding_ar1,True
2021Q2,2021Q2,2021-08-09 18:13:50,4.318322023442319,0.0,0.9253547193090684,0.0,4.626773596545342,19.49173451764125,0.9253547193090684,0.7401924500370096,12.646514497223937,1.4803849000740192,0.30845157310302285,0.0,66.77976557680444,46.0646434739699,-0.23071052131682257,-0.6913097660172866,-1.0036783894235537,1.5740128315526107,0.9202979684543079,0.919011435359574,0.08098856464042603,0.07970203154569211,0.9497708008723236,1.1424996455916623,45134,68.80182926829268,0.7933436120564159,0.7933574519109712,0.2066563879435841,0.20664254808902882,-0.26149455987923886,0.5761927081358841,0.4258441061624847,-0.9191081441554454,-0.47129332538366897,5.686864035246339,-2.8273583487841476,0.2394976657014427,0.0,0.0,-0.030590047468008058,-0.2001204738488145,expanding_ar1,True
2021Q3,2021Q3,2021-11-19 19:54:16,5.214723926380368,0.6193868070610096,0.9202453987730062,0.0,5.214723926380368,14.710436667698978,0.6134969325153374,0.9290802105915144,11.349693251533743,1.3936203158872715,0.3067484662576687,0.1548467017652524,74.13496932515336,35.712294828120164,-0.23295111137419355,-0.41409647022071655,-0.002255859107607869,0.7350377026375785,0.9154946510891109,0.9154739341511622,0.08452606584883782,0.08450534891088912,0.9541556868014938,1.2473060190688199,46136,70.11550151975683,0.7767394581233158,0.7841656386632478,0.2232605418766842,0.21583436133675216,0.5879503298350262,-0.311857786793731,-1.296821245690193,0.8964019029380488,-0.005109320536062278,-4.781297849942273,0.18888776055450474,-0.0867645841867477,0.6193868070610096,0.0,-0.15893637026426888,-0.07401474110992468,expanding_ar1,True
2021Q4,2021Q4,2022-02-11 19:33:17,5.218525766470972,0.0,1.304631441617743,0.0,5.870841487279844,19.02115836717247,0.0,0.6411626415900834,9.784735812133071,1.2823252831801668,0.9784735812133072,0.0,69.6183953033268,42.3445180594144,0.6507636232366216,-0.6913097660172866,-0.6171944984773367,1.2725263953796908,0.9031997793667537,0.9012945925207595,0.0987054074792405,0.09680022063324634,0.9560516981869973,1.292623977299864,49987,66.0330250990753,0.7844221413661923,0.7829008630057699,0.21557785863380774,0.2170991369942301,0.6561175608994754,-0.6134969325153374,-1.564957439400672,0.00380184009060347,0.38438604284473676,4.310721699473493,-0.28791756900143095,-0.11129503270710472,-0.6193868070610096,0.0,-0.16068236966996582,0.8114459929065875,expanding_ar1,True
2022Q1,2022Q1,2022-05-09 17:30:20,4.468275245755138,0.23201856148491878,1.7873100983020553,0.0,3.872505212987787,16.705336426914155,0.8936550491510277,0.23201856148491878,11.61751563896336,1.6241299303944317,0.8936550491510277,0.6960556844547563,66.83050342567768,33.851508120649655,0.5391772244513887,0.5547993738348588,-0.996770351694098,0.5842358101212057,0.897814039149683,0.896886062412595,0.10311393758740495,0.10218596085031695,0.9575344566632327,1.3280644747602286,42855,66.75233644859813,0.7398604360793847,0.7381264745165973,0.2601395639206153,0.2618735254834027,-1.9983362742920567,0.8936550491510277,1.8327798268302882,-0.7502505207158334,0.4826786566843124,-2.315821940258317,-0.4091440801051646,0.34180464721426485,0.23201856148491878,0.0,0.06595491871736298,0.47322230573402574,expanding_ar1,True
2022Q2,2022Q2,2022-08-10 18:00:15,3.886729594669628,0.0,0.832870627429206,0.0,4.4419766796224325,13.228186212159756,1.38811771238201,10.938692444670568,9.161576901721267,0.5087763927753752,0.27762354247640203,1.1193080641058255,70.83009439200443,37.71305011447469,-0.27126756510932315,1.3125241802352434,-0.4522197664534342,0.8971829299401448,0.8978316824186605,0.8969906162110727,0.10300938378892732,0.10216831758133949,0.9565999409408298,1.3057279293165098,47191,71.71884498480243,0.7677309071209555,0.7627942839600236,0.23226909287904451,0.23720571603997642,0.5694714666346457,0.4944626632309824,-2.455938737242093,-0.5815456510855102,-0.9544394708728493,-3.477150214754399,10.70667388318565,-1.1153535376190564,-0.23201856148491878,0.0,0.05016595446668716,-0.3214335195760103,expanding_ar1,True
2022Q3,2022Q3,2022-11-16 20:07:00,4.30416068866571,0.21734405564007825,1.4347202295552368,0.0,3.7302725968436157,13.910019560965008,1.4347202295552368,0.6520321669202348,10.616929698708752,0.869376222560313,0.28694404591104733,0.21734405564007825,71.17647058823529,40.947620082590745,-0.2590056055133495,-0.3022109909131246,-0.40506010388819413,1.159318977403422,0.8955747155170599,0.8928514952163689,0.10714850478363114,0.10442528448294008,0.9626363696876264,1.4500090385459004,45523,68.2503748125937,0.8459457453829263,0.8448349616059423,0.15405425461707367,0.1551650383940577,-0.7117040827788168,0.04660251717322672,1.4553527969874853,0.4174310939960817,0.6018496021260308,0.6818333488052524,-10.286660277750334,0.36059982978493776,0.21734405564007825,0.0,-0.15482360518565266,-0.10418200032769684,expanding_ar1,True
2022Q4,2022Q4,2023-02-24 18:32:30,5.501222493887531,0.0,0.9168704156479217,0.0,6.112469437652813,13.305110371938312,1.5281173594132031,0.6047777441790142,10.39119804400978,1.058361052313275,1.5281173594132031,0.4535833081342606,72.12102689486552,37.73813123677049,1.373869391902849,0.12071478686489466,-0.27645728077484877,0.8992155544711868,0.9060706648498671,0.9042708256026782,0.09572917439732176,0.09392933515013291,0.945734641217508,1.0460284344748696,49682,66.86675639300135,0.8176168464871209,0.813216362496007,0.18238315351287915,0.18678363750399296,2.382196840809197,0.09339712985796633,-0.22573165469897205,1.1970618052218214,-0.5178498139073151,-0.6049091890266958,-0.0472544227412206,0.18898482975296194,-0.21734405564007825,0.0,-0.15343759872614016,1.5273069906289893,expanding_ar1,True
2023Q1,2023Q1,2023-05-15 17:00:30,5.849965588437715,0.15681354869060687,2.7529249827942186,0.0,5.849965588437715,14.42684647953583,1.7205781142463867,5.645287752861847,10.667584308327598,0.6272541947624275,1.3764624913971093,0.9565626470127019,79.51135581555403,31.135330092520004,1.174353788782767,1.0211702609469473,0.729747596864919,0.3641112867629409,0.897407781381857,0.8945705620117376,0.10542943798826243,0.10259221861814305,0.9461883185046618,1.0568721079394918,40888,61.48571428571429,0.8422297878300637,0.8406886993044479,0.15777021216993625,0.1593113006955521,-0.26250384921509795,0.1924607548331836,0.2763862643178179,0.3487430945501835,1.836054567146297,1.1217361075975187,5.040510008682833,-0.43110685755084743,0.15681354869060687,0.0,0.2639904567952924,0.9103633319874747,expanding_ar1,True
2023Q2,2023Q2,2023-08-17 17:34:30,5.44464609800363,0.20491803278688525,2.540834845735027,0.0,3.629764065335753,16.80327868852459,0.36297640653357527,0.819672131147541,10.88929219600726,0.819672131147541,1.088929219600726,1.0450819672131146,83.524500907441,32.9405737704918,0.7960779385577816,1.1796413953959652,1.2761435975664097,0.5104118606000307,0.9013075620151552,0.897279440850851,0.10272055914914902,0.09869243798484484,0.9644469861117333,1.4932859091952424,40571,60.91741741741742,0.8060736516243886,0.8087353047991382,0.1939263483756114,0.19126469520086176,-2.2202015231019616,-1.3576017077128115,0.22170788767966165,-0.4053194904340849,-0.21209013705919144,2.376432208988758,-4.825615621714306,0.1924179363851135,0.04810448409627838,0.0,0.2543261444494714,0.5417517941083103,expanding_ar1,True
2023Q3,2023Q3,2023-11-27 19:50:30,4.42628532516173,0.0,2.383384405856316,0.0,4.085801838610828,15.901060070671377,0.34048348655090227,0.8833922261484098,8.85257065032346,1.325088339222615,1.021450459652707,0.4416961130742049,72.31869254341164,40.525618374558306,0.7073035677449995,0.09943381360031456,-0.2495447925969335,1.1251191113140184,0.911922387098135,0.9089914534306073,0.09100854656939272,0.088077612901865,0.9550922803376716,1.2696922278629719,43609,67.92679127725857,0.7366892530109002,0.7384866668742153,0.26331074698909984,0.26151333312578473,0.4560377732750749,-0.022492919982673,-2.0367215456838004,-1.0183607728419002,-0.1574504398787111,-0.9022186178532117,0.06372009500086884,0.5054162080750739,-0.20491803278688525,0.0,0.17202486065247036,0.5352787070925291,expanding_ar1,True
2023Q4,2023Q4,2024-02-08 18:19:21,5.636978579481398,0.19168104274487252,3.0063885757234123,0.0,3.757985719654265,13.992716120375695,0.7515971439308531,0.9584052137243627,9.77076287110109,0.38336208548974504,0.37579857196542654,0.19168104274487252,75.23487410747838,42.96338892083574,-0.14210949404921114,-0.3481540320218392,0.14749790270623417,1.322680933108758,0.8965239518045643,0.8936739616291582,0.10632603837084176,0.10347604819543565,0.9517468785727315,1.189731327517772,45933,60.91909814323608,0.7435937570820532,0.7453594744730591,0.2564062429179468,0.25464052552694094,-0.3278161189565627,0.4111136573799508,0.9181922207776303,1.2106932543196685,0.6230041698670963,-1.9083439502956825,0.07501298757595287,-0.9417262537328699,0.19168104274487252,0.0,0.16076898677258597,-0.30287848082179714,expanding_ar1,True
2024Q1,2024Q1,2024-05-10 20:17:00,6.2015503875969,0.19751135690302193,3.10077519379845,0.0,4.651162790697675,15.010863124629667,1.1627906976744187,0.7900454276120877,7.751937984496124,0.19751135690302193,0.0,0.39502271380604387,78.29457364341086,46.407268417934034,-0.6365062761517866,0.01587706560596018,0.5640807950520564,1.6017798452386358,0.90294018749913,0.9002565291316781,0.09974347086832192,0.09705981250087004,0.9578714611831534,1.3361194668737821,39529,57.62244897959184,0.804252643837818,0.8081219408029198,0.19574735616218197,0.19187805919708023,0.8931770710434095,0.4111935537435656,-2.018824886604966,0.5645718081155016,0.09438661807503745,1.0181470042539722,-0.16835978611227498,-0.1858507285867231,0.005830314158149413,0.0,-0.07881115368744322,-0.5576951224643434,expanding_ar1,True
2024Q2,2024Q2,2024-08-09 18:34:00,5.576856047403276,0.0,1.742767514813524,0.0,4.182642035552457,14.507154213036566,1.0456605088881143,0.5961844197138314,11.153712094806552,0.5961844197138314,0.34855350296270476,-0.22853736089030205,71.57546183339142,39.60651828298886,-0.17795282994232225,-1.1004472826890643,-0.35073681986117466,1.0506333937064076,0.8846908470525336,0.8834489699691375,0.11655103003086253,0.11530915294746635,0.9667277998803073,1.5478013113111306,43591,59.795610425240056,0.8118096815364717,0.8122531302324532,0.1881903184635283,0.18774686976754684,-0.4685207551452173,-0.11713018878630432,3.401774110310429,-0.6246943401936234,-1.3580076789849258,-0.503708911593101,-0.19386100789825633,0.3986730628108095,-0.19751135690302193,0.0,-0.22239616369692394,0.04444333375460169,expanding_ar1,True
2024Q3,2024Q3,2024-11-08 17:01:00,5.681818181818182,0.0,2.130681818181818,0.19805902158843336,3.5511363636363633,15.646662705486234,1.4204545454545454,0.3961180431768667,7.457386363636364,0.19805902158843336,1.065340909090909,0.3961180431768667,79.68750000000001,47.347989700930874,0.7650453969749391,0.01783797185328151,0.7537299039394085,1.6780177876297855,0.8987782568756713,0.8983096372541809,0.10169036274581911,0.10122174312432874,0.9660044574265111,1.5305121729871152,42788,61.30085959885387,0.8082673870751155,0.8075238344463018,0.19173261292488453,0.19247616555369818,-0.6315056719160941,0.37479403656643107,-3.6963257311701883,0.10496213441490543,0.3879143033682939,1.139508492449668,-0.20006637653696469,-0.39812539812539804,0.0,0.19805902158843336,-0.09580224974533263,0.8608476467202717,expanding_ar1,True
2024Q4,2024Q4,2025-02-13 17:05:21,6.430868167202572,0.0,2.8135048231511255,0.0,5.627009646302251,17.56264724780467,0.8038585209003215,0.642535874919683,9.244372990353698,0.21417862497322768,1.2459807073954983,0.42835724994645535,76.68810289389064,41.9575926322553,1.0026932798137902,0.0755540010652789,0.3453572820257567,1.2411691815496242,0.9067248721202716,0.9056166201846382,0.09438337981536182,0.09327512787972836,0.9624505600442061,1.445567866027725,44954,64.86868686868686,0.7810501434380261,0.7819496256417942,0.21894985656197385,0.21805037435820585,2.0758732826658877,-0.6165960245542239,1.7869866267173338,0.7490499853843904,0.6828230049693076,1.9159845423184354,0.24641783174281628,0.016119603384794318,0.0,-0.19805902158843336,0.17347777292470665,0.8292155068890835,expanding_ar1,True
2025Q1,2025Q1,2025-05-09 17:40:30,5.820721769499419,0.0,3.492433061699651,0.0,5.43267365153279,13.675213675213675,0.38804811796662786,2.9526029526029527,8.92510671323244,0.4662004662004662,0.4268529297632907,0.7925407925407925,81.68412883197514,40.13986013986013,-0.07494289978684722,0.7275312079837498,1.02557405203213,1.0938564891055127,0.9071351070310528,0.9061723874787964,0.09382761252120364,0.09286489296894718,0.9578349026113409,1.3352456536450996,43089,60.34873949579832,0.815825621670611,0.8160651174583826,0.184174378329389,0.18393488254161738,-0.19433599476946117,-0.41581040293369365,-0.3192662771212582,-0.6101463977031534,0.6789282385485254,-3.8874335725909948,2.3100670776832697,0.2520218412272385,0.0,0.0,0.2595013704965137,-0.3344442702833609,expanding_ar1,True
2025Q2,2025Q2,2025-08-15 18:00:29,4.575853572685674,0.0,3.1678986272439285,0.0,5.98380851812742,14.77627471383975,0.703977472720873,0.8324661810613944,7.743752199929602,0.4162330905306972,1.478352692713833,0.6243496357960457,85.0756775783175,44.15816857440166,1.3083995021427588,0.42642808887610506,1.487338735031488,1.4195082761752398,0.9012028101275669,0.9001136477302317,0.09988635226976827,0.09879718987243313,0.9606400270615724,1.4022929897742078,43235,61.85264663805437,0.784183749012889,0.7847752044568508,0.215816250987111,0.21522479554314922,0.5511348665946301,0.3159293547542451,-1.1813545133028374,-1.2448681968137443,-0.3245344344557224,1.1010610386260762,-2.120136771541558,-0.049967375669769,0.0,0.0,-0.04924206996841801,1.3576415721111768,expanding_ar1,True
2025Q3,2025Q3,2025-11-11 17:00:27,4.149377593360996,0.0,3.2272936837252186,0.0,6.915629322268326,14.972585407001267,0.0,0.8435259384226065,8.759797141539881,0.0,1.9824804057169205,0.8435259384226065,82.20378054402951,42.986081822016025,1.9716247980078723,0.8188070321727168,1.0963254479380986,1.3245200114034035,0.8917163634195646,0.8909300310479739,0.10906996895202614,0.10828363658043538,0.9429389123625959,0.979205669358094,39082,59.305007587253414,0.7866100614618691,0.7882432921425582,0.21338993853813093,0.21175670785744183,0.931820804140906,-0.703977472720873,1.0160449416102786,-0.4264759793246782,0.059395056481290176,0.19631069316151617,0.01105975736121212,-0.4162330905306972,0.0,0.0,0.35201096757012734,1.619613830437745,expanding_ar1,True
2025Q4,2025Q4,2026-02-10 19:23:18,4.7784535186794095,0.0,4.344048653344918,0.0,5.647263249348393,16.64208974088898,0.43440486533449174,0.4213187276174426,6.950477845351868,0.2106593638087213,0.9122502172024327,0.6319780914261639,85.52562988705473,43.766589424899934,0.5636408385603776,0.4400848817102776,1.5486004478206534,1.3877739153386432,0.8963409425519746,0.8963409425519746,0.1036590574480254,0.1036590574480254,0.9414716357940743,0.944135216324929,45926,62.31478968792402,0.8395933589243543,0.8395933589243543,0.16040664107564573,0.16040664107564573,-1.2683660729199326,0.43440486533449174,-1.8093192961880131,0.6290759253184133,1.116754969619699,1.6695043338877138,-0.4222072108051639,0.2106593638087213,0.0,0.0,0.6141784617940372,-0.05053762323365962,expanding_ar1,True
2026Q1,2026Q1,2026-05-11 19:22:25,4.780530204259017,0.0,2.607561929595828,0.15946420028703556,6.084311169056932,15.627491628129487,0.434593654932638,0.3189284005740711,8.257279443720122,0.3189284005740711,1.347240330291178,0.3189284005740711,75.14124293785311,46.29405198532928,1.1359094106115146,-0.12035028132449464,0.13474987205873157,1.5926045581236727,,0.8842984719561258,0.11570152804387424,,,,39387,58.786567164179104,0.8042800090486878,,0.1957199909513122,,0.4370479197085384,0.00018878959814627727,1.3068015983682546,0.0020766855796079398,-1.7364867237490897,-1.0145981127594936,-0.10239032704337148,0.10826903676534982,0.0,0.15946420028703556,0.1819925970919362,0.9539168135195785,expanding_ar1,False
