event_id,report_period,publication_datetime,equity_event_date,action_nearby_core,action_nearby_extended,linear_time_trend,post_2019,centered_time_trend,similarity_char_ngram,z_similarity_char_ngram,guidance_similarity_expanding_tfidf,guidance_similarity_full_sample_tfidf,guidance_novelty,guidance_novelty_full_sample_tfidf,fulltext_similarity_expanding_tfidf,fulltext_novelty_expanding_tfidf,fulltext_novelty_full_sample_tfidf,guidance_z_sentiment,macro_z_sentiment,guidance_z_policy_stance,macro_z_policy_stance,guidance_unexpected_tone,guidance_attention_growth,guidance_attention_inflation,guidance_attention_risk,guidance_attention_exchange_rate,guidance_attention_financial_stability,report_length,readability,guidance_novelty_x_post_2019,guidance_novelty_full_sample_tfidf_x_post_2019,fulltext_novelty_expanding_tfidf_x_post_2019,fulltext_novelty_full_sample_tfidf_x_post_2019,pre_event_volatility_20d,return_0_p1,return_0_p3,return_m1_p1,return_m1_p3,rv_0_3,rv_0_5,rv_0_10,log_rv_0_5
2006Q1,2006Q1,2006-05-31 14:12:00,2006-05-31,0,0,1,0,-39.5,,,,,,,,,,2.03259611376478,-0.9399775598149319,-0.6365062761517866,-1.0970153403308345,,2.6123301985370952,0.0,3.134796238244514,4.179728317659353,0.0,36406,58.62479871175523,,,,,0.0201674580760924,0.02741072363636632,0.027618713523956506,0.01749620672548291,0.01770218950996405,0.2800834607948936,0.44455271039202876,0.33669895148050455,-0.8106866474995325
2006Q2,2006Q2,2006-08-10 00:01:00,2006-08-10,0,0,2,0,-38.5,0.8167721324193157,-2.036399040260467,0.31715128718119184,0.18788114252565982,0.6828487128188081,0.8121188574743402,0.8775593246351286,0.12244067536487135,0.18779393594707583,-2.6794980974732407,-0.054266414749218124,-0.6365062761517866,-3.2805718064607,0.0,8.485639686684074,0.0,1.3054830287206267,6.5274151436031325,0.0,36356,59.40522875816993,0.0,0.0,0.0,0.0,0.0177020045643965,0.003288312060106602,-0.004412205371250422,0.019464587971850023,0.011639913114222189,0.29643391820874665,0.25772507835914177,0.19049800784861345,-1.3558618499580557
2006Q3,2006Q3,2006-11-14 17:01:00,2006-11-15,0,0,3,0,-37.5,0.849492695451443,-1.2543208733657145,0.40510839122740977,0.33528046209757906,0.5948916087725902,0.6647195379024209,0.8959588959596924,0.10404110404030764,0.13626821423341984,-1.3741584999109504,0.20944508684037075,-0.6365062761517866,-0.6913097660172866,0.0,3.667481662591687,0.0,2.444987775061125,0.0,0.0,32622,60.975700934579436,0.0,0.0,0.0,0.0,0.0124588853093715,-0.0009604094967167187,0.03804889618064555,0.02645108771328486,0.06653072482085665,0.1924754098528173,0.16045236401790333,0.15353012391196444,-1.8297581778613714
2006Q4,2006Q4,2007-02-09 17:45:00,2007-02-12,0,0,4,0,-36.5,0.8462568987374286,-1.3316620230291751,0.2570184957641674,0.18410146150250764,0.7429815042358325,0.8158985384974924,0.8793084151549805,0.12069158484501952,0.1704723626945096,2.622837412409963,0.40429059590540195,-0.6365062761517866,-0.6913097660172866,0.0,2.9394473838918285,0.0,1.1757789535567313,8.818342151675484,0.0,37597,62.55740432612313,0.0,0.0,0.0,0.0,0.0290475699345659,0.014982747188371226,0.07372720279135048,0.052303790392721705,0.11320828701280017,0.14685416412304222,0.203478176344585,0.5974940113884459,-1.5921965214002243
2007Q1,2007Q1,2007-05-10 19:40:00,2007-05-11,0,0,5,0,-35.5,0.8678506357225637,-0.8155342833823948,0.4821418135092211,0.37192225450698735,0.517858186490779,0.6280777454930127,0.8899530963327981,0.11004690366720193,0.1547455586531986,-0.7644846187746123,0.33682186616753523,-0.6365062761517866,-0.8564004580363063,0.0,6.829268292682927,0.0,0.0,3.902439024390244,0.0,36889,58.461172741679874,0.0,0.0,0.0,0.0,0.0198074433639551,0.008590692192430582,-0.0006279350901472469,0.002660752689615409,-0.006503674308835361,0.41117989106966873,0.34998669477985594,0.2731841593824885,-1.0498601401359602
2007Q2,2007Q2,2007-08-08 17:30:00,2007-08-09,0,0,6,0,-34.5,0.8740701910260159,-0.6668761320587626,0.5312460439547152,0.4374899235469442,0.4687539560452848,0.5625100764530557,0.8891530268860567,0.11084697311394331,0.13666293124487194,0.09011801234799179,-0.5237907793311704,-0.6365062761517866,-0.7172948660137195,0.0,5.597014925373134,0.9328358208955224,0.9328358208955224,6.529850746268656,0.0,42085,60.29369627507163,0.0,0.0,0.0,0.0,0.0222838866392247,-0.010592415861223281,0.003826859015767514,0.012552465281816527,0.02730904543981283,0.2461589716653342,0.23984381365425791,0.3432670584992523,-1.4277673439276406
2007Q3,2007Q3,2007-11-08 17:57:00,2007-11-09,0,0,7,0,-33.5,0.8874760291139877,-0.34645336710711716,0.6088616585529069,0.5579776150907404,0.39113834144709314,0.4420223849092596,0.8954242339556918,0.10457576604430818,0.12572019313945082,-0.3503338459316147,-0.6852422422580632,-0.6365062761517866,-0.7972538697132416,0.0,5.994005994005994,0.0,0.999000999000999,6.993006993006993,0.0,39980,59.142011834319526,0.0,0.0,0.0,0.0,0.0213009025919658,-0.012354467044603301,0.020903179728302135,-0.022658912465650882,0.010251745843713023,0.41413887707531427,0.3477125103595731,0.3557278695172558,-1.0563792602889566
2007Q4,2007Q4,2008-02-22 17:02:00,2008-02-25,0,0,8,0,-32.5,0.8835388680493265,-0.4405583403374468,0.537526526229352,0.45328848972623376,0.46247347377064796,0.5467115102737663,0.9041325307535544,0.09586746924644562,0.11694289734685348,-0.8914096967295781,-0.09313181075963582,-0.6365062761517866,-0.6913097660172866,0.0,3.108348134991119,0.44404973357015987,3.108348134991119,4.440497335701599,0.0,42022,59.18591549295775,0.0,0.0,0.0,0.0,0.0366448975690638,-0.0009403106299572528,0.022627856248850664,-0.03970617414122324,-0.017052507517160476,0.4312157653915961,0.3860539217806497,0.3710797949622461,-0.951778225541314
2008Q1,2008Q1,2008-05-14 17:59:00,2008-05-15,1,1,9,0,-31.5,0.8859908485654209,-0.3819517562940765,0.6206118780714912,0.5403131137156676,0.3793881219285088,0.4596868862843324,0.8992254976396243,0.10077450236037566,0.1262018745235869,0.4995663309473223,-0.8124082296993562,-0.6365062761517866,0.16929800848650878,0.0,4.248088360237893,1.6992353440951573,0.8496176720475787,5.9473237043330505,0.0,40712,62.63384615384616,0.0,0.0,0.0,0.0,0.0333010425034603,-0.0030310874529646537,-0.06009744463649236,-0.009975647558140732,-0.06664449911992154,0.3718071917080979,0.37397251965581596,0.36041907435298737,-0.9835729611232686
2008Q2,2008Q2,2008-08-15 16:23:00,2008-08-18,0,0,10,0,-30.5,0.8614352659253443,-0.9688727404876407,0.5698260215515936,0.5326496508175302,0.43017397844840644,0.46735034918246976,0.8991925802929948,0.10080741970700524,0.12725177706563462,-0.6005652649845422,-0.7376773235165667,-0.6365062761517866,-1.2127905304373998,0.0,4.908835904628331,0.7012622720897616,0.7012622720897616,2.1037868162692845,0.0,40263,60.00447093889717,0.0,0.0,0.0,0.0,0.0219207930498944,0.015159492383943762,0.056443713630402126,-0.040505961926201484,-0.0014855277484407958,0.9452294314919149,0.7400200722494505,0.5782923757497651,-0.30107796849036894
2008Q3,2008Q3,2008-11-17 18:59:00,2008-11-18,0,0,11,0,-29.5,0.8416166440273092,-1.4425721529695337,0.36801339298099367,0.30629483291534276,0.6319866070190063,0.6937051670846572,0.8729826967640905,0.12701730323590954,0.1352721432518681,-1.4211799993966352,-1.112182700324971,3.9665732895845056,-0.34463210059237387,4.603079565736293,7.900677200902935,0.0,1.128668171557562,0.0,0.0,36999,58.45023696682465,0.0,0.0,0.0,0.0,0.0333028744167234,0.06160606016135284,0.04398041329065516,-0.017140484846959958,-0.03345871755840435,0.8806708315804027,0.724025931615033,0.5524260331674141,-0.32292807009000374
2008Q4,2008Q4,2009-02-23 19:41:00,2009-02-24,0,0,12,0,-28.5,0.8334028211689111,-1.6388967552689142,0.43669165688977546,0.38266374962267563,0.5633083431102246,0.6173362503773243,0.8733900678909484,0.12660993210905158,0.13798458727510687,0.47938863784204705,-1.326222265206094,3.012964855389017,0.8775501344976346,3.2310093528375043,6.7658998646820026,0.6765899864682003,2.0297699594046006,8.119079837618402,0.0,44814,59.752,0.0,0.0,0.0,0.0,0.0215880625918015,0.0010435089356426452,-0.07010016730028779,-0.044070042452108105,-0.11200752049072371,0.36899214243390166,0.38992442356053847,0.5281412024487923,-0.941802344379537
2009Q1,2009Q1,2009-05-06 16:10:00,2009-05-07,0,0,13,0,-27.5,0.8282905690216468,-1.7610884420106898,0.5815080357204796,0.481797726308414,0.4184919642795204,0.518202273691586,0.8684572357206918,0.13154276427930822,0.15037863502368032,0.5984502032356986,-1.7685945078501382,-2.9978213685170876,1.1205028966014712,-5.350095297702682,0.8547008547008547,0.0,4.273504273504274,7.6923076923076925,0.0,36417,59.60229132569558,0.0,0.0,0.0,0.0,0.0210880104423798,0.00800231001967422,0.007764875269056448,0.008766793527184236,0.008529178702623152,0.30501703805820385,0.25105458172454664,0.22433998454284293,-1.3820849064208078
2009Q2,2009Q2,2009-08-05 17:00:00,2009-08-06,0,0,14,0,-26.5,0.8655414372834446,-0.8707281283198822,0.5723415716860687,0.51282118207113,0.4276584283139313,0.48717881792886997,0.9033992399049416,0.09660076009505836,0.11481743403341438,1.5483645205382457,-1.6472674912449865,2.0236937622534503,1.4445941483842832,2.6060001011761957,4.595588235294118,0.0,6.4338235294117645,9.191176470588236,0.9191176470588235,38486,59.391975308641975,0.0,0.0,0.0,0.0,0.0184850169753962,-0.029489888401144415,-0.029140459499006233,-0.04967767425050851,-0.04933551389277979,0.24236251262054084,0.3454307251041085,0.4986897433613426,-1.0629631620894442
2009Q3,2009Q3,2009-11-11 16:00:00,2009-11-12,0,0,15,0,-25.5,0.8482807040135979,-1.2832895693221795,0.6430233413839709,0.607022188761109,0.3569766586160291,0.392977811238891,0.9120071084791336,0.08799289152086642,0.09555964676709272,3.0850416423824196,-0.740113404651855,1.6114503211365798,-0.27037314145715274,1.7066954269283403,5.695687550854353,0.8136696501220504,4.882017900732302,4.882017900732302,0.8136696501220504,36238,62.15780445969125,0.0,0.0,0.0,0.0,0.0146228946945509,0.005351440803293306,0.036674940971293646,0.006593292166260367,0.0379554844072989,0.2246734822820223,0.18509901400899853,0.32508692941511,-1.6868643862186095
2009Q4,2009Q4,2010-02-11 18:20:09,2010-02-12,1,1,16,0,-24.5,0.839860138274551,-1.4845556847904382,0.6384664776482999,0.597512363012782,0.3615335223517001,0.402487636987218,0.9093871069290971,0.09061289307090292,0.09574451983637744,0.6115001399425473,-0.7657666715864251,1.3368784796106434,0.1835870780267421,1.1519029843791788,5.714285714285714,0.7142857142857143,2.142857142857143,5.0,1.4285714285714286,44282,57.285899094437255,0.0,0.0,0.0,0.0,0.0138118840473411,-0.005515677219850135,-0.0020899473991456974,0.004020310533045857,0.007478889255303267,0.18969069777559375,0.1749827795191749,0.19706382607616674,-1.743067712648063
2010Q1,2010Q1,2010-05-10 17:30:05,2010-05-11,0,0,17,0,-23.5,0.8269235664523291,-1.7937621726706008,0.6795816965593126,0.5926068382318118,0.32041830344068745,0.4073931617681882,0.8923841431844383,0.10761585681556174,0.11883569754932288,0.9333635171549423,-0.8265136097991497,1.4708458657760566,-0.1403376760952425,1.1678325702412682,4.576659038901602,0.7627765064836003,3.8138825324180012,7.6277650648360025,1.5255530129672006,39745,59.40956651718984,0.0,0.0,0.0,0.0,0.0176101373861858,0.006192121798746619,0.0239951414176649,-0.014020200592464005,0.00342519311756595,0.30062660879421715,0.46203908846896147,0.4092300691134661,-0.7721057844037008
2010Q2,2010Q2,2010-08-05 18:45:48,2010-08-06,0,0,18,0,-22.5,0.8698680733739694,-0.7673140269434499,0.7205296209551315,0.6257001646287321,0.2794703790448685,0.3742998353712679,0.9006825419217742,0.09931745807822578,0.11549167334080024,1.31357630947342,-0.387733759000437,1.3145803467771697,-0.5797959087696068,0.8900431586559581,4.237288135593221,1.4124293785310735,3.5310734463276834,9.887005649717516,1.4124293785310735,42987,60.54507042253521,0.0,0.0,0.0,0.0,0.0138176303292461,0.00710297519480374,-0.01637459756306736,0.023646455118844223,-0.00021677904918193658,0.32002112180287934,0.27971927578436995,0.2524307771715747,-1.2739687652232892
2010Q3,2010Q3,2010-11-02 18:21:02,2010-11-03,0,0,19,0,-21.5,0.8611921180036939,-0.974684397232724,0.9075954990830326,0.8893641837000934,0.09240450091696739,0.1106358162999066,0.9054678392664027,0.09453216073359727,0.10027535421383493,1.415226623975697,-0.40737699460952503,1.1176135067481512,-0.418429284113162,0.631539698045892,3.8095238095238093,1.2698412698412698,2.5396825396825395,8.88888888888889,1.2698412698412698,43429,59.00679347826087,0.0,0.0,0.0,0.0,0.016115396638184,0.017590059002889014,0.03748895212494885,0.005016847471262409,0.0246698724362433,0.20612551354691847,0.192727232218542,0.38915735830163384,-1.646479394301282
2010Q4,2010Q4,2011-01-30 19:23:48,2011-01-31,1,1,20,0,-20.5,0.8630991031105036,-0.9291041480430938,0.3532318256760631,0.35425686868021433,0.6467681743239369,0.6457431313197857,0.9115828157787693,0.08841718422123068,0.09189610156304806,0.45025670725441397,-0.46874687235415824,-0.6365062761517866,3.349280528880783,-1.1442146088224932,0.0,2.7624309392265194,0.0,0.0,0.0,43935,61.020833333333336,0.0,0.0,0.0,0.0,0.0167148001816535,0.000251908982521698,0.008989087627921055,0.013352498653981915,0.02220411066490824,0.22793099650210752,0.24366841940160636,0.20741633524631728,-1.4119469147596917
2011Q1,2011Q1,2011-05-03 18:35:17,2011-05-04,0,0,21,0,-19.5,0.8585256373893105,-1.0384179053911788,0.3018678750854167,0.2679369294594786,0.6981321249145833,0.7320630705405213,0.8482319065055993,0.15176809349440068,0.14108873199484728,-0.09369693444684167,-1.2390380942171473,-0.6365062761517866,-0.4751837944775382,-0.8624128170884378,4.7281323877068555,1.7730496453900708,3.5460992907801416,5.319148936170213,1.1820330969267139,45608,65.90751445086705,0.0,0.0,0.0,0.0,0.0097615878420225,-0.000930320853632427,0.00023361887461548214,-0.026475087290089516,-0.02534090781693188,0.20569092919700255,0.18203525084499061,0.16697131394676243,-1.703554924698559
2011Q2,2011Q2,2011-08-12 16:13:59,2011-08-15,0,0,22,0,-18.5,0.9006529001588083,-0.03150331132649667,0.7827658777736947,0.7284248964688494,0.21723412222630534,0.27157510353115055,0.9165849446722549,0.08341505532774507,0.09294686647902173,0.8461995111875058,-0.8055411516743325,-0.6365062761517866,-1.2294695746157793,-0.8044454451277978,3.3333333333333335,2.0,4.0,8.0,2.0,43222,60.281729428172945,0.0,0.0,0.0,0.0,0.0128627066244793,-0.006957784119513977,-0.028660847607666184,0.007726323440676364,-0.01429766307929603,0.2159094771014369,0.17560760959258281,0.24863002060396244,-1.7395032639103494
2011Q3,2011Q3,2011-11-16 15:30:00,2011-11-17,0,0,23,0,-17.5,0.8860448816655111,-0.3806602715531596,0.7382654445682917,0.7068397531499941,0.2617345554317083,0.29316024685000586,0.9193753807287174,0.08062461927128262,0.08560312370574952,0.7206375087074706,-0.9469985634059018,-0.6365062761517866,-0.7071704074228821,-0.7537798735579179,1.9607843137254901,1.3071895424836601,3.9215686274509802,7.8431372549019605,3.2679738562091503,42857,60.87642045454545,0.0,0.0,0.0,0.0,0.0148718346009416,-0.020857116990612767,-0.01973766508628605,-0.023827054704739448,-0.022710998323668408,0.16301874187623996,0.1399149491802335,0.24675609237916488,-1.96672054683476
2011Q4,2011Q4,2012-02-15 17:07:02,2012-02-16,0,0,24,0,-16.5,0.887336808321008,-0.3497809853531807,0.677582587975881,0.6630161227123843,0.322417412024119,0.3369838772876157,0.8978143642934181,0.1021856357065819,0.10351094336358391,-0.051737608231156654,-1.2959728877677796,-0.6365062761517866,-0.08674287953401998,-0.7091182011131272,2.5526483726866624,1.2763241863433312,8.934269304403319,7.657945118059987,2.5526483726866624,45085,63.679378531073446,0.0,0.0,0.0,0.0,0.018091303594572,0.0003990419837904824,0.010401510366022437,-0.004910952942943858,0.005038423568808792,0.09035344676875309,0.10536588355261371,0.1219600584852798,-2.2503163807313933
2012Q1,2012Q1,2012-05-10 19:02:49,2012-05-11,0,0,25,0,-15.5,0.8711542872324614,-0.7365712864931615,0.7384120063491062,0.719863962927523,0.2615879936508938,0.28013603707247703,0.8960152561601947,0.10398474383980527,0.1076949266874847,-0.25461543782936885,-0.9119078378886373,-0.6365062761517866,-0.1738983601634573,-0.6694529244484702,2.6652452025586353,1.0660980810234542,8.528784648187633,6.3965884861407245,1.5991471215351811,41161,58.38439716312057,0.0,0.0,0.0,0.0,0.0106924630750335,-0.008109091033202676,-0.023614698528622635,-0.015685601536044813,-0.031072770202174138,0.11039685489351156,0.18695690800778408,0.1734652378796842,-1.6768771271436198
2012Q2,2012Q2,2012-08-02 17:22:09,2012-08-03,0,0,26,0,-14.5,0.890416265750206,-0.27617661556000506,0.8030581011926513,0.7833929771594251,0.1969418988073487,0.21660702284057487,0.917641883998769,0.082358116001231,0.08978395789227334,0.34759596245653457,-1.472538049114184,0.04303392900056538,-0.32844709506513825,0.04555018319876376,5.1652892561983474,1.0330578512396695,9.814049586776859,6.714876033057852,1.5495867768595042,41444,59.89017341040462,0.0,0.0,0.0,0.0,0.0104124209620557,0.013541869801086515,0.015319468572742023,0.021726579758634346,0.023518533270632025,0.09788563763633988,0.10822232358589906,0.1508904037946144,-2.2235676160509095
2012Q3,2012Q3,2012-11-02 18:06:12,2012-11-05,0,0,27,0,-13.5,0.8753610233241498,-0.6360230028964725,0.8319071300857377,0.8064164875576995,0.1680928699142623,0.19358351244230054,0.9113387772664489,0.08866122273355115,0.09581509832911328,-0.8469075740848949,-0.9822524027419387,0.028941289439995577,1.7143608443947147,-0.09360740727787076,2.5290844714213456,1.5174506828528074,10.116337885685383,6.575619625695499,1.5174506828528074,42523,60.48790896159317,0.0,0.0,0.0,0.0,0.010200659398553,-0.004202651745529695,-0.024534293707751842,-0.0063153130735823515,-0.026603819880057444,0.12493027359807257,0.12247692636354163,0.1275561649939521,-2.099832622954602
2012Q4,2012Q4,2013-02-06 18:49:42,2013-02-07,0,0,28,0,-12.5,0.8601995487645013,-0.9984085223445578,0.8365930099565286,0.8133811716331973,0.16340699004347137,0.18661882836680266,0.8829065150694297,0.11709348493057026,0.12350558176279924,-0.25409788185196325,-0.8511877755076034,-0.6365062761517866,0.8363167312758358,-0.7529004563356811,4.862236628849271,1.0804970286331712,10.804970286331713,6.482982171799027,1.0804970286331712,45937,61.82637954239569,0.0,0.0,0.0,0.0,0.0137559687548636,0.00429549217897951,-0.026908513806809586,-0.0014838730130367628,-0.03250831098577578,0.15738787115020972,0.24121505618487868,0.27129268795940065,-1.4220663940835856
2013Q1,2013Q1,2013-05-09 18:43:08,2013-05-10,0,0,29,0,-11.5,0.8744965414948515,-0.6566856169140743,0.8611601099421937,0.8477701323704304,0.13883989005780628,0.15222986762956958,0.8879412846464093,0.11205871535359069,0.11700442589588034,-0.20012017774593008,-0.6492610512115338,-0.6365062761517866,1.0697166687510333,-0.6039630383820791,3.0075187969924815,0.5012531328320802,12.030075187969926,5.513784461152882,1.5037593984962407,42714,60.33050847457627,0.0,0.0,0.0,0.0,0.0129470744980518,-0.003962475342761063,-0.013346394651209126,0.0011765199221138722,-0.008255815149493917,0.15175996739071992,0.19483088162056172,0.16307252858357424,-1.6356233704585554
2013Q2,2013Q2,2013-08-02 17:29:20,2013-08-05,0,0,30,0,-10.5,0.8955490070777832,-0.15349520189743968,0.740039566489372,0.7410573293719445,0.25996043351062803,0.25894267062805554,0.8940987303145547,0.10590126968544533,0.11183262530080662,0.696654170002789,-0.6914021924635714,-0.007338491754391399,1.4697127784406183,0.05242585849102449,3.825920612147298,0.0,8.130081300813009,4.782400765184122,1.4347202295552368,43996,59.940054495912804,0.0,0.0,0.0,0.0,0.0199890605013891,0.006720715050372306,-0.0006790064121555694,0.020637548876121903,0.013135534203161825,0.13834809325314243,0.1984738458709332,0.18594527141924222,-1.6170979463724586
2013Q3,2013Q3,2013-11-05 16:12:14,2013-11-06,0,0,31,0,-9.5,0.8961712117054492,-0.13862343290737975,0.9194529319388721,0.9216886885970323,0.08054706806112788,0.07831131140296765,0.908950148251908,0.09104985174809199,0.0940579836796741,1.1036248343071988,-0.31375758613814864,-0.088572149881502,-0.04102154798087208,-0.15003123323338521,3.331945022907122,0.0,8.329862557267806,4.997917534360684,1.249479383590171,44994,60.475806451612904,0.0,0.0,0.0,0.0,0.0103044322067636,-0.0055303267209615425,-0.016009310119784126,-0.01812969293585065,-0.028475913563772215,0.12675204502186468,0.1910670804053653,0.2560170874735565,-1.6551307062831944
2013Q4,2013Q4,2014-02-08 18:52:32,2014-02-10,1,1,32,0,-8.5,0.895000303822086,-0.1666101607067829,0.8148961838353982,0.8133995046862925,0.1851038161646018,0.18660049531370748,0.9171829404754238,0.08281705952457619,0.08568826433462573,0.47368120446004786,0.07199813037975628,-0.6365062761517866,3.7290444667092544,-0.6775835538923692,2.207505518763797,0.0,7.72626931567329,2.9433406916850626,0.7358351729212657,48559,61.311868686868685,0.0,0.0,0.0,0.0,0.0106129596181172,0.007950487181228594,0.005300912797779445,0.03303031028938963,0.03031480919853391,0.20210961095653648,0.15661592504466668,0.21146202737857306,-1.853958808101087
2014Q1,2014Q1,2014-05-06 18:55:09,2014-05-07,0,0,33,0,-7.5,0.8827286229298474,-0.4599246029887156,0.6892049527599684,0.701764030549321,0.3107950472400316,0.298235969450679,0.9112561571809507,0.08874384281904935,0.09155351552152347,-1.9527917325346675,-0.6193602400465925,-0.6365062761517866,0.6307161768166203,-0.5509165166077905,4.318322023442319,0.0,2.4676125848241828,6.169031462060457,0.6169031462060457,43555,56.860313315926895,0.0,0.0,0.0,0.0,0.0101970597727227,-0.0008515352900552164,0.019996107267245655,-0.010119926130843337,0.010534327649759367,0.21019965532568646,0.16697655124730143,0.16039085239671239,-1.7899018881168323
2014Q2,2014Q2,2014-08-01 20:02:13,2014-08-04,0,0,34,0,-6.5,0.8993936693865837,-0.06160110924861332,0.7601456621747121,0.7763979638886673,0.23985433782528787,0.22360203611133267,0.9070490113720852,0.09295098862791484,0.09180912362707372,-0.6933480696644009,-0.610015552412674,-0.184724051847201,0.687892555619559,-0.07756876094638243,3.0906593406593403,0.0,7.554945054945055,3.434065934065934,1.3736263736263736,43561,60.33379501385041,0.0,0.0,0.0,0.0,0.0097399898177629,-0.002638048172687424,-0.02027386534883524,0.01715075371275554,-0.00083497824763612,0.2311883556781356,0.20242222872694116,0.16443352157763003,-1.5973995218732362
2014Q3,2014Q3,2014-11-06 17:23:57,2014-11-07,0,0,35,0,-5.5,0.8997427607462747,-0.05325722071595447,0.954315993115321,0.9440036026106823,0.045684006884678996,0.05599639738931772,0.9182123806121449,0.08178761938785506,0.07864307726215303,-0.2138795326810764,-0.5326297988473855,0.2664380184089226,-0.44400164110163837,0.28689590005291254,3.431708991077557,0.0,7.549759780370625,3.431708991077557,1.3726835964310227,46919,61.98018494055482,0.0,0.0,0.0,0.0,0.008694726804049,0.025408917839956358,0.03683427831951147,0.02380742414308945,0.03521494038267936,0.2137182150067376,0.1922017293402383,0.1782296292012193,-1.6492097848785237
2014Q4,2014Q4,2015-02-10 17:47:18,2015-02-11,0,0,36,0,-4.5,0.8801444858317796,-0.5216899583915933,0.8648940491942954,0.8652438202030527,0.13510595080570464,0.13475617979694732,0.9066326304839777,0.09336736951602231,0.09254844910636129,-0.10099279136821608,-1.0566694146241131,-0.19928798529935945,-0.036693902241416616,-0.27651157089506007,2.326354270521768,0.0,7.643735460285809,3.9880358923230306,0.6646726487205051,49482,62.7148288973384,0.0,0.0,0.0,0.0,0.02494664230949,0.0025479569171060756,0.01903221898801566,0.010546404797497244,0.027162180288898385,0.04448133216756809,0.12825574926801905,0.20657721507618226,-2.0537289673354913
2015Q1,2015Q1,2015-05-08 17:51:52,2015-05-11,1,1,37,0,-3.5,0.8678908734389421,-0.8145725322219899,0.9534062949468985,0.9455479749339171,0.04659370505310145,0.05445202506608293,0.9171629718606557,0.08283702813934435,0.08359217052778434,-0.3827672454178175,-0.46140203921463974,-0.1989971849728863,0.06609122012891946,-0.17663889787970447,2.327901563019621,0.3325573661456601,6.983704689058863,3.9906883937479214,1.3302294645826405,47535,60.4002541296061,0.0,0.0,0.0,0.0,0.0185980657077684,0.012128474978957637,0.002184400404900755,0.041465609454537145,0.031233300076079162,0.2582800659998943,0.26878766368543966,0.28309055900473434,-1.313833565413688
2015Q2,2015Q2,2015-08-07 18:19:14,2015-08-10,0,0,38,0,-2.5,0.8925746718758593,-0.22458696826366023,0.9307674987377297,0.9272095133728684,0.06923250126227032,0.07279048662713161,0.9170018757535714,0.0829981242464286,0.08492650437905314,0.053632347668932434,0.027429343521738144,-0.18856966151952467,-0.46506896426646516,-0.1612364763644648,3.0643513789581203,0.0,6.809669731018046,3.745318352059925,1.361933946203609,47058,60.25352112676056,0.0,0.0,0.0,0.0,0.0288247379828155,-0.004332619636100099,-0.002179530967482024,0.04088207026205892,0.04313293378842031,0.4080604231070388,0.3278135211524616,0.6100111193734836,-1.1153103653459653
2015Q3,2015Q3,2015-11-06 19:15:23,2015-11-09,0,0,39,0,-1.5,0.8943891043459311,-0.1812188875018834,0.8575224348174594,0.8554257769842291,0.14247756518254062,0.14457422301577094,0.9147301808709246,0.08526981912907539,0.08374284002403565,-0.0868680428981169,-0.3148792761346523,-0.14943117908590234,-0.6913097660172866,-0.11968976516919082,2.59163272861903,0.0,8.515364679748242,4.072565716401333,2.59163272861903,47710,61.4819587628866,0.0,0.0,0.0,0.0,0.018277545357835,-0.0018532140908849026,-0.011725738896534277,0.010508850432359162,0.0005140542430037698,0.14683015901175464,0.1484712410483013,0.14687358551988455,-1.90736400246888
2015Q4,2015Q4,2016-02-06 14:10:10,2016-02-15,0,0,40,0,-0.5,0.8840380485432208,-0.42862706136675327,0.8426968851453086,0.844872016777888,0.1573031148546914,0.15512798322211196,0.904431504360001,0.09556849563999903,0.09053098201776077,-0.8273637963593584,-0.8552304917704603,-0.6365062761517866,-0.2672824177808467,-0.611284862021997,3.173483779971791,0.0,8.462623413258111,3.8787023977433006,1.0578279266572639,55006,61.874015748031496,0.0,0.0,0.0,0.0,0.0251584065410635,0.030653879058895273,0.03630900527266556,0.024713635147441293,0.030336167655659718,0.2634948020012378,0.23521481816854975,0.39050319554093466,-1.4472560625249309
2016Q1,2016Q1,2016-05-06 19:57:59,2016-05-09,0,0,41,0,0.5,0.8720235231098387,-0.71579504248688,0.8962026323684817,0.8925622657896777,0.10379736763151826,0.10743773421032232,0.9001338765618819,0.09986612343811807,0.09237647732415732,-0.8545945195481962,0.07226518968883525,-0.6365062761517866,-0.6913097660172866,-0.4983924868660258,3.6642238507661555,0.0,9.993337774816789,3.6642238507661555,1.665556295802798,45216,61.020242914979754,0.0,0.0,0.0,0.0,0.0104241773232194,0.0011407172785886655,0.00799904749944158,-0.019563921524530348,-0.012847428757258639,0.18653936628990664,0.15914661895385707,0.12163127774896636,-1.8379293698789652
2016Q2,2016Q2,2016-08-05 19:09:56,2016-08-08,0,0,42,0,1.5,0.8941345858232005,-0.18730232132001415,0.8477649918483653,0.8454517645527846,0.1522350081516347,0.1545482354472154,0.8710014390634855,0.12899856093651452,0.12095739262318594,-0.21677174348381975,-1.9733000001279521,-0.18993810331575361,2.730082425581851,-0.036095953531918024,2.715546503733876,0.0,9.843856076035303,4.0733197556008145,2.0366598778004072,49844,64.98565840938723,0.0,0.0,0.0,0.0,0.0078021522706974,0.007049075454295561,-0.0002544692121626557,0.016183843924233443,0.008814050063804313,0.10820214797508157,0.20860416316864355,0.1855578670878829,-1.567316778950937
2016Q3,2016Q3,2016-11-08 19:05:39,2016-11-09,0,0,43,0,2.5,0.8974781738169711,-0.10738477324934308,0.9011764467095568,0.8963006989562362,0.09882355329044323,0.10369930104376379,0.8873653771360772,0.11263462286392278,0.10838108587832784,-0.06952447847649827,0.3996904734164023,0.30085734135797704,0.7085938942883948,0.36427996696354986,3.562522265764161,0.0,12.112575703598147,4.275026718916993,1.7812611328820804,48933,67.77423822714681,0.0,0.0,0.0,0.0,0.0057962653881031,0.011200830287603436,0.023021692158345264,0.0057826513340677455,0.01754017509918082,0.11362712999077966,0.09534248611564228,0.08620435243629972,-2.350279753232849
2016Q4,2016Q4,2017-02-17 19:44:17,2017-02-20,0,0,44,0,3.5,0.9540529249043159,1.2448498316220282,0.839185591283215,0.8395909354628804,0.16081440871678498,0.16040906453711956,0.9060512422316015,0.0939487577683985,0.0910488145605447,-1.2841783056174652,0.3525551813571291,-0.18657815126295174,0.23756093491020355,-0.23209784609259293,3.4199726402188784,0.0,9.917920656634747,3.761969904240766,3.4199726402188784,54221,66.8569667077682,0.0,0.0,0.0,0.0,0.0041439438974455,0.0032926263318500126,0.0005562608439897421,0.017940096602543587,0.015163781820647593,0.12718075948913005,0.12385012084530665,0.0996567383345467,-2.0886831473079903
2017Q1,2017Q1,2017-05-12 19:47:16,2017-05-15,0,0,45,0,4.5,0.956616368924119,1.306120586589676,0.8123059446939038,0.8054735764930764,0.18769405530609617,0.19452642350692362,0.9096527273402762,0.09034727265972375,0.08869184888721138,-1.0604999569407096,1.0667239259534536,-1.512981850552155,-0.4907447352919617,-1.453855204225659,3.997335109926716,0.0,10.992671552298468,3.997335109926716,3.997335109926716,47820,64.88466757123473,0.0,0.0,0.0,0.0,0.004832217796488,0.008665289477446603,-0.00031801656510344056,0.012781434515899193,0.0037614695429963874,0.10444454921942219,0.0813318338321183,0.10074843168852758,-2.509217779017348
2017Q2,2017Q2,2017-08-11 20:37:37,2017-08-14,0,0,46,0,5.5,0.9016290089364474,-0.008172619774633448,0.8589766940162215,0.8524684005942433,0.14102330598377855,0.14753159940575666,0.9056115461594703,0.09438845384052974,0.09063784669159691,-1.1620160862360607,-0.14926138648268106,-0.6365062761517866,-1.1070331496199453,-0.2701502469937746,2.436795613767895,0.0,9.442583003350594,3.655193420651843,3.350593968930856,49230,64.86166007905139,0.0,0.0,0.0,0.0,0.0076778550833213,0.0030784779100128112,0.0071979111604432156,0.016095795577611094,0.02026868822569816,0.09459676644332767,0.07783148994652545,0.10542054490605247,-2.5532091745923107
2017Q3,2017Q3,2017-11-17 22:43:24,2017-11-20,0,0,47,0,6.5,0.8865222173301923,-0.36925112186154724,0.8021248688762652,0.7990834516792914,0.19787513112373478,0.2009165483207086,0.8914579007552661,0.1085420992447339,0.1053209760078806,-0.7035292956176533,0.48230988768536015,-1.005639227098743,-0.56232194511635,-0.8104084053610692,3.6475869809203143,0.0,8.13692480359147,3.6475869809203143,3.0864197530864197,52092,62.236559139784944,0.0,0.0,0.0,0.0,0.0049479038216367,0.017826249272111294,-0.009999437718653192,0.023502669715551594,-0.004478201225911804,0.3210746336924406,0.26178550672683637,0.1959565618189244,-1.3402297871348818
2017Q4,2017Q4,2018-02-14 17:24:57,2018-02-22,0,0,48,0,7.5,0.8850869824270495,-0.4035557235583813,0.7856763469111957,0.7842298061752123,0.2143236530888043,0.21577019382478768,0.9063392077784083,0.09366079222159174,0.09372170466673757,-0.9372654777890884,0.07610510271128934,-1.468631410354793,-0.10037379017024071,-1.1702833537134643,5.376344086021506,0.0,9.803921568627452,4.427577482605946,3.1625553447185326,52800,61.53846153846154,0.0,0.0,0.0,0.0,0.0151773646640133,0.00452928924752749,0.001541675703778278,0.02624880859680756,0.023196598101166144,0.24165716334788823,0.20988172428974078,0.17696536027806611,-1.5612111245992188
2018Q1,2018Q1,2018-05-11 21:09:24,2018-05-14,0,0,49,0,8.5,0.8776873210854952,-0.5804204545216778,0.783396777347241,0.7774104778895742,0.216603222652759,0.22258952211042582,0.9136809809917038,0.0863190190082962,0.08717099369133474,-0.951451397667827,1.0762841030968386,-1.1918417920551017,0.13546523286860424,-0.7426515769882429,4.6433094132545385,0.0,9.70873786407767,5.487547488391726,4.221190375685944,45894,60.86737400530504,0.0,0.0,0.0,0.0,0.0110746256920323,0.003787129795592259,-0.011572936589813065,0.013235771803519647,-0.00226887879121207,0.13591688411601355,0.12665571181108035,0.12322877126945773,-2.0662828043719164
2018Q2,2018Q2,2018-08-10 21:35:21,2018-08-13,0,0,50,0,9.5,0.8956019551058971,-0.1522296522573741,0.7888809685526438,0.7974188372169011,0.21111903144735622,0.2025811627830989,0.900354716949013,0.09964528305098697,0.09721884706334238,0.22478289183176994,1.463524000700301,-0.16412213353959512,-0.15386051226338415,0.25159933610849083,5.3859964093357275,0.0,10.053859964093357,5.026929982046679,2.5134649910233393,47902,62.53524804177545,0.0,0.0,0.0,0.0,0.014509790632978,-0.005141071230529981,-0.03351164365621895,-0.00942872859152899,-0.03767702911496229,0.15330282451786056,0.1887978707135839,0.22220647109848027,-1.6670783033344192
2018Q3,2018Q3,2018-11-09 22:15:03,2018-11-12,0,0,51,0,10.5,0.8892882121532348,-0.3031390516407059,0.8018037349474306,0.8150995248318803,0.19819626505256938,0.1849004751681197,0.9109268208992731,0.08907317910072687,0.08497295551831119,0.2257964666417551,1.321161076303678,0.7473540013814742,-0.2527395885909639,0.8968472219845258,5.259467040673211,0.0,6.661991584852735,3.8569424964936885,2.805049088359046,47868,62.005181347150256,0.0,0.0,0.0,0.0,0.0195705372945757,0.010059151843865743,0.011616025628825577,0.022080264086752566,0.023655666840518785,0.16903609670361802,0.1361985148153195,0.20503420142923082,-1.99364178976583
2018Q4,2018Q4,2019-02-21 19:42:13,2019-02-22,0,0,52,0,11.5,0.8845390138458352,-0.41665312237426416,0.4189940297144975,0.41996986290733457,0.5810059702855025,0.5800301370926655,0.9046412569552268,0.09535874304477321,0.0896516370522723,1.632059177669692,0.8234532261327201,-0.6365062761517866,-0.10434469576999184,-0.7326267193949092,9.900990099009901,0.0,6.600660066006601,0.0,0.0,51318,62.05320435308344,0.0,0.0,0.0,0.0,0.0118827085892317,0.05947669936064659,0.044962697273216445,0.08329988096572882,0.06845951992415267,0.5041643775311819,0.41360424426064135,0.3962656318723224,-0.8828456940885349
2019Q1,2019Q1,2019-05-17 20:24:55,2019-05-20,0,0,53,1,12.5,0.8758952214427574,-0.6232547420034953,0.40980790966473374,0.3971899558625353,0.5901920903352662,0.6028100441374646,0.9084113809744186,0.09158861902558135,0.08478550057886791,0.5780092852578185,1.3583119112863244,-0.6365062761517866,-0.44974405771149123,-0.37766375064556357,7.5,0.0,6.25,3.125,1.5625,47980,59.975,0.5901920903352662,0.6028100441374646,0.09158861902558135,0.08478550057886791,0.0200546711600397,0.013539750212284263,-0.009350178230257522,0.004937292412410699,-0.017758356877855208,0.20931601409954428,0.19450263896644676,0.1503567262117278,-1.6373095480647968
2019Q2,2019Q2,2019-08-09 21:52:59,2019-08-12,0,0,54,1,13.5,0.8980966181010018,-0.09260288298949786,0.8628961744017118,0.8666111153518973,0.13710382559828815,0.13338888464810272,0.9089091425418251,0.09109085745817491,0.08121641320843109,-0.5258734160818641,0.5762574180576043,-0.6365062761517866,-0.37822066768670787,-0.36899780850199887,5.971087366436203,0.0,8.485229415461975,2.828409805153991,2.1998742928975488,47767,60.311868686868685,0.13710382559828815,0.13338888464810272,0.09109085745817491,0.08121641320843109,0.0087971543920531,-0.009016505343860226,-0.0013797932202518348,0.008867960358108995,0.01664249366318704,0.17573181867626586,0.17706267146798488,0.16500171582258,-1.731251532988144
2019Q3,2019Q3,2019-11-16 09:00:00,2019-11-18,1,1,55,1,14.5,0.8815836075690595,-0.4872924546223229,0.7286077393014423,0.7370199109752306,0.2713922606985577,0.26298008902476944,0.8943470924148297,0.10565290758517032,0.09462287796997637,-1.1142663979554268,0.43790244911328047,-0.6365062761517866,-0.6913097660172866,-0.3607206459663047,6.314839873703202,0.9021199819576003,9.021199819576003,4.059539918809201,0.9021199819576003,44427,65.81777777777778,0.2713922606985577,0.26298008902476944,0.10565290758517032,0.09462287796997637,0.0072185304298185,0.01000785838227869,-0.004690719816045852,0.01804188658036998,0.003226389695980769,0.15362481622246082,0.14910294396148463,0.11791519301781339,-1.9031183125271993
2019Q4,2019Q4,2020-02-19 20:29:12,2020-02-20,1,1,56,1,15.5,0.9434263894165729,0.9908572158306672,0.5919358589819117,0.5966987590380558,0.4080641410180883,0.4033012409619442,0.8838674449194281,0.11613255508057185,0.10695490152442355,-0.9083246226228193,0.13491214183268238,0.3147517406052295,-0.6913097660172866,0.5984513424184382,4.3383947939262475,0.3615328994938539,8.676789587852495,3.9768618944323935,1.8076644974692697,42544,63.40387481371088,0.4080641410180883,0.4033012409619442,0.11613255508057185,0.10695490152442355,0.0223665306443617,0.0011663211615149383,-0.005018993132361205,0.024233883797121436,0.017906055595336978,0.19909293227338923,0.18798854927761582,0.2956903384191793,-1.6713742261049496
2020Q1,2020Q1,2020-05-10 09:00:20,2020-05-11,0,0,57,1,16.5,0.9496916998317442,1.1406089936259531,0.6719437379418756,0.6589462966073456,0.32805626205812444,0.3410537033926544,0.8513451085118853,0.14865489148811473,0.12486799624954692,-0.7021980104399649,-3.0423406670303557,0.339450576351888,0.4172001189698646,0.3786111209379582,7.4183976261127595,0.741839762611276,7.4183976261127595,4.080118694362018,0.741839762611276,42938,64.66566265060241,0.32805626205812444,0.3410537033926544,0.14865489148811473,0.12486799624954692,0.0079981885674031,1.4645798928292209e-05,-0.00882838658848839,-0.000853764561807413,-0.009689117680747539,0.09121999475068147,0.07827817883794393,0.13198276506427223,-2.547486401442008
2020Q2,2020Q2,2020-08-06 18:01:45,2020-08-07,0,0,58,1,17.5,0.9525201860667373,1.2082147169008994,0.7599895103521809,0.7579651509738173,0.24001048964781913,0.24203484902618266,0.8902188437513024,0.10978115624869755,0.09842419185866924,-0.5551683419974104,-0.7559341040560911,-0.14005728099142692,-0.6913097660172866,-0.11510086849752162,7.547169811320755,0.7547169811320754,8.679245283018867,4.150943396226415,0.3773584905660377,44062,66.76060606060607,0.24001048964781913,0.24203484902618266,0.10978115624869755,0.09842419185866924,0.0195722603285576,0.0035990370281944184,-0.012804151976900213,-0.007956304364440503,-0.024170628651766002,0.10606068283452201,0.15640087865531901,0.19574210860300828,-1.8553328328859462
2020Q3,2020Q3,2020-11-26 17:00:36,2020-11-27,0,0,59,1,18.5,0.9545886363770271,1.2576542643009843,0.6795938541258432,0.6780982459771581,0.32040614587415683,0.32190175402284193,0.9084621921892876,0.09153780781071241,0.09150881979923353,-0.08456011008298274,-0.07255202570291253,0.26923543618897305,-0.6913097660172866,0.4143686325444516,4.130808950086058,0.34423407917383825,10.671256454388985,3.442340791738382,0.6884681583476765,47612,69.10304789550072,0.32040614587415683,0.32190175402284193,0.09153780781071241,0.09150881979923353,0.0097696306333354,-0.004118443652732062,0.017342717433968424,0.008265117974238123,0.029993143738981543,0.18616328629625192,0.158158322148138,0.15924281496532822,-1.8441587087487707
2020Q4,2020Q4,2021-02-08 22:20:39,2021-02-09,0,0,60,1,19.5,0.9635476211220159,1.4717895271850396,0.7860556196556647,0.7779543895206626,0.21394438034433527,0.22204561047933735,0.9026768129045271,0.09732318709547294,0.0947410461244208,-1.301724435354487,0.6173668352205003,-0.21416603949851107,-0.6913097660172866,-0.1767070900851338,3.531300160513644,0.32102728731942215,9.630818619582664,4.49438202247191,0.9630818619582664,51218,70.25788751714677,0.21394438034433527,0.22204561047933735,0.09732318709547294,0.0947410461244208,0.0140000522074994,0.021361881732248955,0.01628349087711589,0.043697419491417255,0.03850797241543891,0.22776252768847968,0.31573403857628884,0.2979932637764163,-1.1528550698565447
2021Q1,2021Q1,2021-05-11 18:56:38,2021-05-12,0,0,61,1,20.5,0.9430263707612909,0.9812960766675228,0.765177533925464,0.7645036621864197,0.23482246607453605,0.23549633781358026,0.8884200263533981,0.11157997364660188,0.10800788516496218,-0.7306739859337457,1.3505249865279108,0.28220171070223105,-0.35808622683548114,0.4413135659711329,4.888268156424581,0.34916201117318435,12.220670391061452,5.237430167597765,1.3966480446927374,41970,66.61904761904762,0.23482246607453605,0.23549633781358026,0.11157997364660188,0.10800788516496218,0.0102198864866522,-0.010223710826024357,0.02783936241661289,-0.005989576075141501,0.0322363260641918,0.23021575854102863,0.19460783586912975,0.20770179699851787,-1.6367688434986172
2021Q2,2021Q2,2021-08-09 18:13:50,2021-08-10,0,0,62,1,21.5,0.9497708008723236,1.1424996455916623,0.7933436120564159,0.7933574519109712,0.2066563879435841,0.20664254808902882,0.919011435359574,0.08098856464042603,0.07970203154569211,-1.0036783894235537,1.5740128315526107,-0.23071052131682257,-0.6913097660172866,-0.2001204738488145,4.626773596545342,0.9253547193090684,12.646514497223937,4.318322023442319,0.9253547193090684,45134,68.80182926829268,0.2066563879435841,0.20664254808902882,0.08098856464042603,0.07970203154569211,0.0150218697553727,-0.005513817956562028,-0.01926673577693927,0.005972845995527498,-0.00793892284582498,0.14457406456741476,0.1675820688103921,0.1964697067106332,-1.7862820846625997
2021Q3,2021Q3,2021-11-19 19:54:16,2021-11-22,0,0,63,1,22.5,0.9541556868014938,1.2473060190688199,0.7767394581233158,0.7841656386632478,0.2232605418766842,0.21583436133675216,0.9154739341511622,0.08452606584883782,0.08450534891088912,-0.002255859107607869,0.7350377026375785,-0.23295111137419355,-0.41409647022071655,-0.07401474110992468,5.214723926380368,0.6134969325153374,11.349693251533743,5.214723926380368,0.9202453987730062,46136,70.11550151975683,0.2232605418766842,0.21583436133675216,0.08452606584883782,0.08450534891088912,0.0075847308250915,0.00019277750036161834,-0.003248311059423359,0.004762315702594888,0.0013055059878634978,0.056373098742249175,0.06588403345072595,0.07328718836930377,-2.7198591513402963
2021Q4,2021Q4,2022-02-11 19:33:17,2022-02-14,0,0,64,1,23.5,0.9560516981869973,1.292623977299864,0.7844221413661923,0.7829008630057699,0.21557785863380774,0.2170991369942301,0.9012945925207595,0.0987054074792405,0.09680022063324634,-0.6171944984773367,1.2725263953796908,0.6507636232366216,-0.6913097660172866,0.8114459929065875,5.870841487279844,0.0,9.784735812133071,5.218525766470972,1.304631441617743,49987,66.0330250990753,0.21557785863380774,0.2170991369942301,0.0987054074792405,0.09680022063324634,0.0111294832807901,0.01063671323693538,0.017021597262378174,-0.00028078441429180145,0.00603512630408809,0.14239301655186393,0.11836148136282479,0.16477187532337262,-2.1340119357898146
2022Q1,2022Q1,2022-05-09 17:30:20,2022-05-10,0,0,65,1,24.5,0.9575344566632327,1.3280644747602286,0.7398604360793847,0.7381264745165973,0.2601395639206153,0.2618735254834027,0.896886062412595,0.10311393758740495,0.10218596085031695,-0.996770351694098,0.5842358101212057,0.5391772244513887,0.5547993738348588,0.47322230573402574,3.872505212987787,0.8936550491510277,11.61751563896336,4.468275245755138,1.7873100983020553,42855,66.75233644859813,0.2601395639206153,0.2618735254834027,0.10311393758740495,0.10218596085031695,0.0188542614356444,0.014427781751834567,0.017534263908886683,0.025528983586060372,0.028669460953062664,0.1302595746732088,0.14965505968156267,0.19821669749857962,-1.899422235154325
2022Q2,2022Q2,2022-08-10 18:00:15,2022-08-11,0,0,66,1,25.5,0.9565999409408298,1.3057279293165098,0.7677309071209555,0.7627942839600236,0.23226909287904451,0.23720571603997642,0.8969906162110727,0.10300938378892732,0.10216831758133949,-0.4522197664534342,0.8971829299401448,-0.27126756510932315,1.3125241802352434,-0.3214335195760103,4.4419766796224325,1.38811771238201,9.161576901721267,3.886729594669628,0.832870627429206,47191,71.71884498480243,0.23226909287904451,0.23720571603997642,0.10300938378892732,0.10216831758133949,0.0092346359275897,-0.000570162270900676,-0.0037452817343233136,0.019810270097575522,0.01657040341024274,0.1719860013909398,0.16432644898791335,0.16921250807922472,-1.8059002870535534
2022Q3,2022Q3,2022-11-16 20:07:00,2022-11-17,0,0,67,1,26.5,0.9626363696876264,1.4500090385459004,0.8459457453829263,0.8448349616059423,0.15405425461707367,0.1551650383940577,0.8928514952163689,0.10714850478363114,0.10442528448294008,-0.40506010388819413,1.159318977403422,-0.2590056055133495,-0.3022109909131246,-0.10418200032769684,3.7302725968436157,1.4347202295552368,10.616929698708752,4.30416068866571,1.4347202295552368,45523,68.2503748125937,0.15405425461707367,0.1551650383940577,0.10714850478363114,0.10442528448294008,0.0172602178612008,-0.004476696561939053,-0.012855543195211871,-0.008559640516483724,-0.01690412295045629,0.05613019092212147,0.05555936906016012,0.1830275007412824,-2.890303117169111
2022Q4,2022Q4,2023-02-24 18:32:30,2023-02-27,0,0,68,1,27.5,0.945734641217508,1.0460284344748696,0.8176168464871209,0.813216362496007,0.18238315351287915,0.18678363750399296,0.9042708256026782,0.09572917439732176,0.09392933515013291,-0.27645728077484877,0.8992155544711868,1.373869391902849,0.12071478686489466,1.5273069906289893,6.112469437652813,1.5281173594132031,10.39119804400978,5.501222493887531,0.9168704156479217,49682,66.86675639300135,0.18238315351287915,0.18678363750399296,0.09572917439732176,0.09392933515013291,0.0099137006887213,0.006334319523700671,0.018273207373973976,0.0020716337613511104,0.01395995021972185,0.13395324438117737,0.11791768101355166,0.14259370489125395,-2.1377685164947313
2023Q1,2023Q1,2023-05-15 17:00:30,2023-05-16,0,0,69,1,28.5,0.9461883185046618,1.0568721079394918,0.8422297878300637,0.8406886993044479,0.15777021216993625,0.1593113006955521,0.8945705620117376,0.10542943798826243,0.10259221861814305,0.729747596864919,0.3641112867629409,1.174353788782767,1.0211702609469473,0.9103633319874747,5.849965588437715,1.7205781142463867,10.667584308327598,5.849965588437715,2.7529249827942186,40888,61.48571428571429,0.15777021216993625,0.1593113006955521,0.10542943798826243,0.10259221861814305,0.0096244064660589,-0.004534708492900719,-0.008462359280127618,-0.009683194348827584,-0.013590531565408126,0.02935711336036813,0.10512181546051273,0.09539337611352999,-2.252635454032404
2023Q2,2023Q2,2023-08-17 17:34:30,2023-08-18,1,1,70,1,29.5,0.9644469861117333,1.4932859091952424,0.8060736516243886,0.8087353047991382,0.1939263483756114,0.19126469520086176,0.897279440850851,0.10272055914914902,0.09869243798484484,1.2761435975664097,0.5104118606000307,0.7960779385577816,1.1796413953959652,0.5417517941083103,3.629764065335753,0.36297640653357527,10.88929219600726,5.44464609800363,2.540834845735027,40571,60.91741741741742,0.1939263483756114,0.19126469520086176,0.10272055914914902,0.09869243798484484,0.0110407049374453,-0.014389255402478485,-0.023089299059937507,-0.02650569640424527,-0.03509878752870266,0.1769781459102333,0.17138205465179182,0.16403341325210027,-1.7638599769473993
2023Q3,2023Q3,2023-11-27 19:50:30,2023-11-28,0,0,71,1,30.5,0.9550922803376716,1.2696922278629719,0.7366892530109002,0.7384866668742153,0.26331074698909984,0.26151333312578473,0.9089914534306073,0.09100854656939272,0.088077612901865,-0.2495447925969335,1.1251191113140184,0.7073035677449995,0.09943381360031456,0.5352787070925291,4.085801838610828,0.34048348655090227,8.85257065032346,4.42628532516173,2.383384405856316,43609,67.92679127725857,0.26331074698909984,0.26151333312578473,0.09100854656939272,0.088077612901865,0.0061554811119675,-0.008587694325147277,-0.01012981867675733,-0.0067298947419974775,-0.008274908868085018,0.08189530832205756,0.1252604091795793,0.11247845126505018,-2.0773604352481865
2023Q4,2023Q4,2024-02-08 18:19:21,2024-02-19,1,1,72,1,31.5,0.9517468785727315,1.189731327517772,0.7435937570820532,0.7453594744730591,0.2564062429179468,0.25464052552694094,0.8936739616291582,0.10632603837084176,0.10347604819543565,0.14749790270623417,1.322680933108758,-0.14210949404921114,-0.3481540320218392,-0.30287848082179714,3.757985719654265,0.7515971439308531,9.77076287110109,5.636978579481398,3.0063885757234123,45933,60.91909814323608,0.2564062429179468,0.25464052552694094,0.10632603837084176,0.10347604819543565,0.0137114291855715,0.002070034502533513,0.024345380232962732,0.01364783219858956,0.036180544617570254,0.07929033002874819,0.14006836580640641,0.15642342749481794,-1.9656246483771351
2024Q1,2024Q1,2024-05-10 20:17:00,2024-05-13,0,0,73,1,32.5,0.9578714611831534,1.3361194668737821,0.804252643837818,0.8081219408029198,0.19574735616218197,0.19187805919708023,0.9002565291316781,0.09974347086832192,0.09705981250087004,0.5640807950520564,1.6017798452386358,-0.6365062761517866,0.01587706560596018,-0.5576951224643434,4.651162790697675,1.1627906976744187,7.751937984496124,6.2015503875969,3.10077519379845,39529,57.62244897959184,0.19574735616218197,0.19187805919708023,0.09974347086832192,0.09705981250087004,0.0096304458082801,-0.0020863969158654294,-0.006639577525090035,-0.0025180857856621497,-0.0070692967279886165,0.0817112092048265,0.10124476569882884,0.12019786970460945,-2.2902142711335047
2024Q2,2024Q2,2024-08-09 18:34:00,2024-08-12,0,0,74,1,33.5,0.9667277998803073,1.5478013113111306,0.8118096815364717,0.8122531302324532,0.1881903184635283,0.18774686976754684,0.8834489699691375,0.11655103003086253,0.11530915294746635,-0.35073681986117466,1.0506333937064076,-0.17795282994232225,-1.1004472826890643,0.04444333375460169,4.182642035552457,1.0456605088881143,11.153712094806552,5.576856047403276,1.742767514813524,43591,59.795610425240056,0.1881903184635283,0.18774686976754684,0.11655103003086253,0.11530915294746635,0.0087055291523968,0.002563242945820221,0.004837237831361252,0.0008293245312274156,0.0030993865759882944,0.11653102239517454,0.09176481637007526,0.0817329816085916,-2.388526318762624
2024Q3,2024Q3,2024-11-08 17:01:00,2024-11-11,0,0,75,1,34.5,0.9660044574265111,1.5305121729871152,0.8082673870751155,0.8075238344463018,0.19173261292488453,0.19247616555369818,0.8983096372541809,0.10169036274581911,0.10122174312432874,0.7537299039394085,1.6780177876297855,0.7650453969749391,0.01783797185328151,0.8608476467202717,3.5511363636363633,1.4204545454545454,7.457386363636364,5.681818181818182,2.130681818181818,42788,61.30085959885387,0.19173261292488453,0.19247616555369818,0.10169036274581911,0.10122174312432874,0.0156843183709645,-0.01098682176866339,-0.022151802980830193,-0.004459987909495089,-0.015698650624615063,0.1927112356364581,0.17302360369709543,0.19421953088358682,-1.75432725623565
2024Q4,2024Q4,2025-02-13 17:05:21,2025-02-14,0,0,76,1,35.5,0.9624505600442061,1.445567866027725,0.7810501434380261,0.7819496256417942,0.21894985656197385,0.21805037435820585,0.9056166201846382,0.09438337981536182,0.09327512787972836,0.3453572820257567,1.2411691815496242,1.0026932798137902,0.0755540010652789,0.8292155068890835,5.627009646302251,0.8038585209003215,9.244372990353698,6.430868167202572,2.8135048231511255,44954,64.86868686868686,0.21894985656197385,0.21805037435820585,0.09438337981536182,0.09327512787972836,0.0090143222486795,0.0021297234913655316,0.00029220547604746905,0.010821122930291915,0.00896766825261075,0.12473373868118695,0.12580438316480022,0.15613788509099324,-2.0730270929952708
2025Q1,2025Q1,2025-05-09 17:40:30,2025-05-12,1,1,77,1,36.5,0.9578349026113409,1.3352456536450996,0.815825621670611,0.8160651174583826,0.184174378329389,0.18393488254161738,0.9061723874787964,0.09382761252120364,0.09286489296894718,1.02557405203213,1.0938564891055127,-0.07494289978684722,0.7275312079837498,-0.3344442702833609,5.43267365153279,0.38804811796662786,8.92510671323244,5.820721769499419,3.492433061699651,43089,60.34873949579832,0.184174378329389,0.18393488254161738,0.09382761252120364,0.09286489296894718,0.004321931382211,0.0014517003760334823,0.00426385579639188,0.013026249318475402,0.015870906985856248,0.15898154184978064,0.13911178588937503,0.11700433654826546,-1.9724774540276047
2025Q2,2025Q2,2025-08-15 18:00:29,2025-08-18,0,0,78,1,37.5,0.9606400270615724,1.4022929897742078,0.784183749012889,0.7847752044568508,0.215816250987111,0.21522479554314922,0.9001136477302317,0.09988635226976827,0.09879718987243313,1.487338735031488,1.4195082761752398,1.3083995021427588,0.42642808887610506,1.3576415721111768,5.98380851812742,0.703977472720873,7.743752199929602,4.575853572685674,3.1678986272439285,43235,61.85264663805437,0.215816250987111,0.21522479554314922,0.09988635226976827,0.09879718987243313,0.0062947926429068,-0.003783306792709218,0.011477532384790212,0.005002197578356737,0.02039762009521806,0.10589274705958894,0.15349574691145665,0.17719016127759177,-1.8740824197559633
2025Q3,2025Q3,2025-11-11 17:00:27,2025-11-12,0,0,79,1,38.5,0.9429389123625959,0.979205669358094,0.7866100614618691,0.7882432921425582,0.21338993853813093,0.21175670785744183,0.8909300310479739,0.10906996895202614,0.10828363658043538,1.0963254479380986,1.3245200114034035,1.9716247980078723,0.8188070321727168,1.619613830437745,6.915629322268326,0.0,8.759797141539881,4.149377593360996,3.2272936837252186,39082,59.305007587253414,0.21338993853813093,0.21175670785744183,0.10906996895202614,0.10828363658043538,0.010488062086939,0.012089348303926606,-0.010300462256247922,0.010727906097933726,-0.011631786140047562,0.1843330676476497,0.15362664533097212,0.1719859126137534,-1.873230001106279
2025Q4,2025Q4,2026-02-10 19:23:18,2026-02-11,0,0,80,1,39.5,0.9414716357940743,0.944135216324929,0.8395933589243543,0.8395933589243543,0.16040664107564573,0.16040664107564573,0.8963409425519746,0.1036590574480254,0.1036590574480254,1.5486004478206534,1.3877739153386432,0.5636408385603776,0.4400848817102776,-0.05053762323365962,5.647263249348393,0.43440486533449174,6.950477845351868,4.7784535186794095,4.344048653344918,45926,62.31478968792402,0.16040664107564573,0.16040664107564573,0.1036590574480254,0.1036590574480254,0.008039477523786,0.001221727011580187,-0.0013311923941077275,-0.0009986673146644698,-0.0035459251494827093,0.14862908852287882,0.12412453348296693,0.1395425457173054,-2.086469915069246
