report_id,report_period,section,found,raw_positive_count,raw_negative_count,raw_dovish_count,raw_hawkish_count,normalized_sentiment,normalized_policy_stance,effective_chars,sentence_count,attention_growth,attention_inflation,attention_risk,attention_exchange_rate,attention_financial_stability,attention_real_estate,z_sentiment,z_policy_stance
2006Q1,2006Q1,guidance,True,183.49999999999997,13.0,0.0,-1.0,89.08045977011493,0.5224660397074191,1914,33,7.836990595611285,0.0,4.179728317659353,6.792058516196446,1.0449320794148382,1.567398119122257,2.03259611376478,-0.39531019329632106
2006Q1,2006Q1,macro,True,366.4500000000001,167.3,2.0,5.0,15.04381326484364,-0.2266203353980964,13238,276,13.748300347484514,1.5108022359873092,2.1151231303822327,0.9064813415923856,0.07554011179936546,6.269829279347333,-0.9399775598149319,-0.9772598007663281
2006Q2,2006Q2,guidance,True,106.85000000000001,23.4,0.0,1.0,54.47127937336816,-0.6527415143603134,1532,30,28.720626631853786,0.0,1.3054830287206267,13.70757180156658,0.0,0.6527415143603134,-2.6794980974732407,-0.9382910755688391
2006Q2,2006Q2,macro,True,487.95,172.25,2.0,21.08,25.97285067873303,-1.569724393253805,12155,259,18.51090086384204,2.385849444672974,1.7276840806252571,5.100781571369807,0.24681201151789386,2.0567667626491155,-0.054266414749218124,-3.2789722591635186
2006Q3,2006Q3,guidance,True,59.5,7.1,1.0,0.0,64.05867970660147,1.2224938875305624,818,14,23.227383863080686,0.0,2.444987775061125,0.0,0.0,1.2224938875305624,-1.3741584999109504,-0.07187648398199567
2006Q3,2006Q3,macro,True,392.1500000000001,98.80000000000001,5.0,6.0,29.22686061572184,-0.09963136395337252,10037,196,24.708578260436386,1.5941018232539603,1.5941018232539603,0.4981568197668626,0.0,3.0885722825545483,0.20944508684037075,-0.7596354879338465
2006Q4,2006Q4,guidance,True,172.9,14.0,0.0,0.0,93.41563786008231,0.0,1701,33,12.345679012345679,0.0,1.763668430335097,18.224573780129337,0.5878894767783657,0.5878894767783657,2.622837412409963,-0.6367050602845676
2006Q4,2006Q4,macro,True,539.24,124.05000000000001,8.0,8.0,31.631113819899436,0.0,13126,233,15.084564985524912,1.1427700746609781,1.9046167911016305,0.6094773731525217,0.30473868657626085,3.123571537406674,0.40429059590540195,-0.5888946206739408
2007Q1,2007Q1,guidance,True,80.25,10.0,0.0,0.0,68.53658536585367,0.0,1025,15,38.048780487804876,0.0,0.0,10.731707317073171,0.0,0.0,-0.7644846187746123,-0.6367050602845676
2007Q1,2007Q1,macro,True,451.7299999999999,117.75,1.0,2.0,30.79859830320914,-0.09221689413500554,10844,244,22.869789745481373,1.2910365178900773,1.4754703061600887,3.5964588712652157,0.09221689413500554,1.198819623755072,0.33682186616753523,-0.7469291176019816
2007Q2,2007Q2,guidance,True,92.2,12.0,0.0,3.1,74.8134328358209,-2.8917910447761193,1072,17,21.455223880597014,2.798507462686567,0.9328358208955224,13.059701492537313,3.7313432835820897,0.9328358208955224,0.09011801234799179,-1.9727986272510434
2007Q2,2007Q2,macro,True,516.3499999999999,238.29999999999998,2.0,3.2,20.179258291603162,-0.08708904855214458,13779,268,15.095435082371726,6.676827055664417,2.3949488351839756,0.7983162783946586,0.3628710356339357,3.2658393207054215,-0.5237907793311704,-0.7381413948683824
2007Q3,2007Q3,guidance,True,85.64999999999999,14.0,1.0,2.1,71.57842157842157,-1.098901098901099,1001,18,24.975024975024976,1.998001998001998,0.999000999000999,10.989010989010989,2.997002997002997,0.999000999000999,-0.3503338459316147,-1.1444300882136929
2007Q3,2007Q3,macro,True,609.4150000000001,302.09000000000003,1.0,2.0,18.187063557817496,-0.05917860101787194,16898,337,14.676293052432241,8.285004142502071,3.3731802580187007,1.5386436264646703,0.2958930050893597,4.142502071251036,-0.6852422422580632,-0.6903105328935925
2007Q4,2007Q4,guidance,True,173.245,21.0,0.0,5.1,67.60435168738898,-2.2646536412078153,2252,42,13.321492007104794,1.3321492007104796,3.996447602131439,10.213143872113678,0.0,2.664298401420959,-0.8914096967295781,-1.6830424735257175
2007Q4,2007Q4,macro,True,432.5999999999999,153.77999999999997,2.0,3.0,25.49327969278595,-0.09143275121148396,10937,232,17.280789978970468,2.925848038767487,1.828655024229679,0.5485965072689036,0.0,3.748742799670842,-0.09313181075963582,-0.7455853114198194
2008Q1,2008Q1,guidance,True,107.595,16.0,0.0,1.0,77.82073067119796,-0.8496176720475787,1177,23,18.69158878504673,5.9473237043330505,0.8496176720475787,11.04502973661852,0.8496176720475787,1.6992353440951573,0.4995663309473223,-1.0292537224897536
2008Q1,2008Q1,macro,True,368.9,202.97000000000003,7.800000000000001,3.0,16.617926890335497,0.4807210816224337,9985,190,17.82674011016525,7.811717576364546,1.802704056084126,0.400600901352028,0.0,1.9028542814221332,-0.8124082296993562,0.23492963636169625
2008Q2,2008Q2,guidance,True,116.45,17.0,0.0,0.0,69.7405329593268,0.0,1426,33,17.53155680224404,3.506311360448808,0.7012622720897616,4.908835904628331,1.402524544179523,0.7012622720897616,-0.6005652649845422,-0.6367050602845676
2008Q2,2008Q2,macro,True,548.84,307.97999999999996,0.0,7.0,17.540052432274983,-0.5097582289542675,13732,260,14.855811243810079,5.752985726769589,2.03903291581707,1.1651616661811826,0.07282260413632391,3.277017186134576,-0.7376773235165667,-1.4624805945170605
2008Q3,2008Q3,guidance,True,64.6,8.15,3.1,0.0,63.713318284424375,3.4988713318284423,886,18,16.930022573363434,0.0,1.128668171557562,1.128668171557562,4.514672686230248,0.0,-1.4211799993966352,0.9798776753678724
2008Q3,2008Q3,macro,True,580.23,380.09,8.0,4.0,12.918925897237285,0.2581977794990963,15492,304,14.652723986573717,3.743867802736897,1.9364833462432223,0.4518461141234186,0.3872966692486445,4.195713916860315,-1.112182700324971,-0.14641435093790317
2008Q4,2008Q4,guidance,True,124.80000000000001,10.0,4.1,0.0,77.6725304465494,2.774018944519621,1478,34,20.29769959404601,1.3531799729364007,2.0297699594046006,17.591339648173207,2.0297699594046006,0.0,0.47938863784204705,0.6449742896501859
2008Q4,2008Q4,macro,True,566.2139999999999,407.8840000000001,17.7,5.2,10.277831872768571,0.8114248620577734,15405,278,16.22849724115547,2.207075624797144,2.207075624797144,0.2596559558584875,0.19474196689386564,5.6475170399221035,-1.326222265206094,0.8016653311985632
2009Q1,2009Q1,guidance,True,102.25,10.350000000000001,-1.1,1.15,78.54700854700855,-1.9230769230769231,1170,20,11.11111111111111,0.8547008547008547,4.273504273504274,11.965811965811966,2.5641025641025643,1.7094017094017093,0.5984502032356986,-1.5252238591605365
2009Q1,2009Q1,macro,True,355.58000000000004,295.58000000000004,13.6,1.0,4.819277108433735,1.0120481927710843,12450,250,10.120481927710843,6.666666666666667,2.0883534136546187,0.642570281124498,0.24096385542168675,2.48995983935743,-1.7685945078501382,1.1454787662388857
2009Q2,2009Q2,guidance,True,105.04999999999998,12.0,3.2,1.0,85.52389705882352,2.022058823529412,1088,23,21.139705882352942,0.0,7.352941176470588,15.625,2.7573529411764706,0.9191176470588235,1.5483645205382457,0.29754632382766455
2009Q2,2009Q2,macro,True,340.5,276.9699999999999,13.0,4.0,6.316365082521385,0.8948101014118115,10058,175,10.240604493935177,1.988466892026248,3.082123682640684,0.39769337840524954,5.368860608470869,1.6901968582223106,-1.6472674912449865,0.9445647909575033
2009Q3,2009Q3,guidance,True,129.98,11.0,4.1,2.0,96.81041497152155,1.7087062652563056,1229,25,21.15541090317331,0.8136696501220504,4.882017900732302,9.764035801464605,4.068348250610253,0.0,3.0850416423824196,0.15276811170286758
2009Q3,2009Q3,macro,True,479.21000000000004,255.80000000000004,4.0,11.0,17.509992946155656,-0.5486323379575202,12759,236,14.421192883454816,2.116153303550435,2.8999137863468927,0.5486323379575202,2.194529351830081,2.2729054001097264,-0.740113404651855,-1.5291001691349266
2009Q4,2009Q4,guidance,True,117.1,7.0,3.1,2.0,78.64285714285714,0.7857142857142857,1400,27,17.857142857142858,0.7142857142857143,2.142857142857143,9.285714285714286,2.857142857142857,0.0,0.6115001399425473,-0.2736816653152432
2009Q4,2009Q4,macro,True,622.6000000000003,351.70000000000005,8.7,1.0,17.193450114242204,0.4887027164254886,15756,330,11.360751459761362,2.157908098502158,1.5866971312515865,0.6346788525006347,0.12693577050012694,2.4117796395024116,-0.7657666715864251,0.24860797212214242
2010Q1,2010Q1,guidance,True,119.19999999999999,13.0,4.1,2.0,81.00686498855835,1.6018306636155604,1311,21,22.88329519450801,0.7627765064836003,3.8138825324180012,13.729977116704804,2.288329519450801,1.5255530129672006,0.9333635171549423,0.1033884014793972
2010Q1,2010Q1,macro,True,604.0800000000002,320.8999999999999,7.3,5.5,16.443876662214752,0.10452354683235583,17221,331,11.439521514430057,3.3679809534870215,1.9162650252598572,0.8129609198072121,0.2322745485163463,2.4388827594216367,-0.8265136097991497,-0.4097698920032589
2010Q2,2010Q2,guidance,True,133.65999999999997,15.0,4.1,2.0,83.79943502824857,1.483050847457627,1416,25,18.361581920903955,1.4124293785310735,3.5310734463276834,16.242937853107343,2.824858757062147,1.4124293785310735,1.31357630947342,0.04850858969605238
2010Q2,2010Q2,macro,True,590.7099999999999,239.8,7.0,5.5,21.858103899339724,0.0934346580291516,16054,317,13.70374984427557,1.681823844524729,1.681823844524729,0.7474772642332128,0.0,2.11785224866077,-0.387733759000437,-0.42877320999551105
2010Q3,2010Q3,guidance,True,147.15999999999997,14.0,4.1,2.0,84.54603174603173,1.333333333333333,1575,29,15.873015873015872,1.9047619047619047,2.5396825396825395,15.238095238095237,2.5396825396825395,1.2698412698412698,1.415226623975697,-0.020665359730562653
2010Q3,2010Q3,macro,True,474.0,211.65,9.0,20.15,21.61572052401747,-0.9186784213561835,12137,255,13.512400098871222,1.153497569415836,1.8950317211831589,0.8239268352970257,1.7302463541237536,1.3182829364752409,-0.40737699460952503,-2.1632577947917264
2010Q4,2010Q4,guidance,True,29.04,1.0,0.0,0.0,77.4585635359116,0.0,362,3,16.574585635359114,2.7624309392265194,0.0,0.0,2.7624309392265194,0.0,0.45025670725441397,-0.6367050602845676
2010Q4,2010Q4,macro,True,441.4,206.20000000000002,27.45,3.0,20.85846044696701,2.1683221000354735,11276,219,12.770485987938986,4.16814473217453,1.77367860943597,0.7981553742461867,0.6207875133025896,1.1528910961333807,-0.46874687235415824,3.127015522161606
2011Q1,2011Q1,guidance,True,135.29999999999998,11.0,2.0,3.0,73.46335697399526,-0.5910165484633569,1692,35,17.13947990543735,4.137115839243498,4.137115839243498,10.638297872340425,2.3640661938534278,3.5460992907801416,-0.09369693444684167,-0.9097723034379387
2011Q1,2011Q1,macro,True,562.9599999999999,337.25,11.399999999999999,11.0,11.35362173038229,0.020120724346076386,19880,315,9.6579476861167,2.515090543259557,1.9114688128772634,0.9557344064386317,0.15090543259557343,3.219315895372233,-1.2390380942171473,-0.5544132105192594
2011Q2,2011Q2,guidance,True,126.54999999999998,6.0,1.0,4.0,80.36666666666666,-2.0,1500,28,14.666666666666666,2.0,5.333333333333333,14.0,3.3333333333333335,5.333333333333333,0.8461995111875058,-1.5607646111155753
2011Q2,2011Q2,macro,True,571.5,285.34999999999997,1.0,9.15,16.7026616857343,-0.4757179547046463,17132,316,11.265468129815549,1.7511090357226244,2.801774457156199,0.9339248190520664,0.29185150595377074,3.4438477702544947,-0.8055411516743325,-1.4041448886055625
2011Q3,2011Q3,guidance,True,128.55,7.0,5.0,2.0,79.44444444444446,1.9607843137254901,1530,23,8.49673202614379,1.3071895424836601,5.228758169934641,15.686274509803921,3.9215686274509802,0.0,0.7206375087074706,0.2692356758242634
2011Q3,2011Q3,macro,True,555.54,302.3,5.0,7.15,14.957179138857715,-0.12698600200815074,16931,323,10.867639241627783,1.476581418699427,2.3625302699190835,0.708759080975725,0.708759080975725,3.2484791211387396,-0.9469985634059018,-0.8065138447055101
2011Q4,2011Q4,guidance,True,125.6,10.0,1.0,3.0,73.77153797064453,-1.2763241863433312,1567,29,8.934269304403319,1.2763241863433312,8.934269304403319,15.315890236119975,4.4671346522016595,0.6381620931716656,-0.051737608231156654,-1.2264048374581527
2011Q4,2011Q4,macro,True,409.84999999999997,252.14999999999998,11.0,9.0,10.651087397001215,0.13508037282182897,14806,264,13.305416722950156,2.7691476428474946,2.296366337971093,0.8780224233418885,0.27016074564365794,3.377009320545725,-1.2959728877677796,-0.35740386223983656
2012Q1,2012Q1,guidance,True,147.6,12.0,2.0,1.0,72.28144989339019,0.5330490405117271,1876,35,10.127931769722816,1.0660980810234542,9.061833688699359,11.727078891257996,4.264392324093817,2.1321961620469083,-0.25461543782936885,-0.39042053181148456
2012Q1,2012Q1,macro,True,423.1,210.10000000000002,4.0,0.0,15.390173410404623,0.28901734104046245,13840,276,11.127167630057803,1.5173410404624277,2.3843930635838153,0.5780346820809249,0.361271676300578,3.3959537572254335,-0.9119078378886373,-0.09359806440582691
2012Q2,2012Q2,guidance,True,169.5,21.0,6.0,0.0,76.70454545454545,3.0991735537190084,1936,36,16.528925619834713,1.0330578512396695,10.330578512396695,12.396694214876034,4.132231404958678,3.0991735537190084,0.34759596245653457,0.7952054007138947
2012Q2,2012Q2,macro,True,457.09999999999997,331.69999999999993,7.0,4.0,8.472400513478823,0.20268900749949328,14801,291,13.782852509965544,1.2161340449969598,2.229579082494426,0.9458820349976353,0.33781501249915546,2.905209107492737,-1.472538049114184,-0.2415411814426036
2012Q3,2012Q3,guidance,True,159.29999999999998,25.0,2.0,1.0,67.93120890237734,0.5058168942842691,1977,37,11.63378856853819,1.5174506828528074,11.12797167425392,12.645422357106728,4.552352048558422,3.540718259989884,-0.8469075740848949,-0.4030025942170391
2012Q3,2012Q3,macro,True,408.20000000000005,224.47999999999993,18.0,1.0,14.522172160303542,1.3437672911232312,12651,243,13.753853450320134,1.185677021579322,2.4503991779305982,0.9485416172634574,0.23713540431586436,3.082760256106237,-0.9822524027419387,1.713954437874036
2012Q4,2012Q4,guidance,True,160.8,27.0,7.2,2.0,72.28525121555916,2.8092922744462454,1851,29,14.046461372231226,1.0804970286331712,11.885467314964885,12.42571582928147,3.7817396002160995,3.2414910858995136,-0.25409788185196325,0.6612716183543411
2012Q4,2012Q4,macro,True,529.95,272.72,18.599999999999998,1.0,16.139415234031876,1.104279081440582,15938,295,12.42313966620655,1.1921194629188105,2.321495796210315,1.254862592546116,0.06274312962730581,2.007780148073786,-0.8511877755076034,1.3035372459657288
2013Q1,2013Q1,guidance,True,175.0,30.0,7.2,3.0,72.68170426065163,2.1052631578947367,1995,40,10.526315789473683,0.5012531328320802,13.032581453634085,11.528822055137844,4.010025062656641,3.0075187969924815,-0.20012017774593008,0.33598920374807195
2013Q1,2013Q1,macro,True,425.70000000000005,175.69000000000003,13.2,0.0,18.631045532453985,0.9836798569192935,13419,241,11.99791340636411,3.577017661524704,1.5649452269170578,0.5216484089723527,0.07452120128176466,1.788508830762352,-0.6492610512115338,1.0968632091104913
2013Q2,2013Q2,guidance,True,188.75,23.0,7.2,1.0,79.26829268292683,2.9650884744141557,2091,40,15.303682448589193,0.0,9.086561453849832,10.52128168340507,3.825920612147298,2.391200382592061,0.696654170002789,0.7332541016361036
2013Q2,2013Q2,macro,True,473.90999999999997,226.34999999999997,17.5,1.0,18.111054210256786,1.2071109810520153,13669,257,16.46060428707294,1.316848342965835,2.0484307557246324,0.9510571365864364,0.2194747238276392,1.9752725144487528,-0.6914021924635714,1.4797629546678264
2013Q3,2013Q3,guidance,True,222.5,25.0,6.2,3.0,82.25739275301957,1.3327780091628487,2401,44,13.327780091628489,0.0,9.579341940857976,10.412328196584756,3.7484381507705122,2.498958767180342,1.1036248343071988,-0.020921936032334325
2013Q3,2013Q3,macro,True,659.28,283.15,8.0,2.0,22.770916575856642,0.3632401017072285,16518,317,18.404165153166243,0.8475602373168665,1.937280542438552,1.5135004237801186,0.1210800339024095,1.8162005085361426,-0.31375758613814864,0.033599416626340334
2013Q4,2013Q4,guidance,True,244.0,33.0,5.2,3.0,77.63061074319353,0.8094186902133923,2718,49,10.66961000735835,0.0,8.830022075055188,6.622516556291391,2.57542310522443,2.57542310522443,0.47368120446004786,-0.26272952462816274
2013Q4,2013Q4,macro,True,65.85,32.4,3.0,0.0,27.53086419753086,2.4691358024691357,1215,31,18.930041152263374,1.646090534979424,4.11522633744856,0.0,0.0,4.11522633744856,0.07199813037975628,3.642527810653649
2014Q1,2014Q1,guidance,True,110.94999999999999,14.0,3.0,3.0,59.80876002467612,0.0,1621,29,12.954966070326957,0.0,2.4676125848241828,12.338062924120914,1.2338062924120914,3.7014188772362737,-1.9527917325346675,-0.6367050602845676
2014Q1,2014Q1,macro,True,485.8999999999999,238.90000000000003,12.0,3.4,18.999999999999993,0.6615384615384615,13000,259,15.692307692307693,1.7692307692307692,2.0,0.6153846153846154,0.15384615384615385,2.1538461538461537,-0.6193602400465925,0.5448010968886743
2014Q2,2014Q2,guidance,True,233.09999999999997,32.0,6.2,3.0,69.05906593406593,1.098901098901099,2912,53,14.07967032967033,0.0,8.585164835164836,6.868131868131868,2.7472527472527473,1.717032967032967,-0.6933480696644009,-0.1289800323554425
2014Q2,2014Q2,macro,True,478.30000000000007,214.04999999999998,15.0,4.35,19.115306712962973,0.7703993055555556,13824,261,13.744212962962964,1.880787037037037,1.880787037037037,0.5787037037037037,0.36168981481481477,1.736111111111111,-0.610015552412674,0.7313587648818844
2014Q3,2014Q3,guidance,True,242.99999999999997,31.5,7.2,3.0,72.58064516129032,1.4413177762525737,2914,53,13.383665065202472,0.0,8.579272477693893,6.863417982155114,2.7453671928620453,1.0295126973232671,-0.2138795326810764,0.02922666817978242
2014Q3,2014Q3,macro,True,501.42999999999995,232.64999999999998,9.0,7.15,20.070191158900833,0.138142174432497,13392,251,16.726403823178018,1.4934289127837517,2.0161290322580645,1.1200716845878136,0.0,1.9414575866188768,-0.5326297988473855,-0.352156772953496
2014Q4,2014Q4,guidance,True,252.89,32.0,9.0,3.0,73.40977068793619,1.9940179461615153,3009,52,13.625789298770355,0.0,8.640744433366567,7.311399135925557,1.9940179461615153,0.9970089730807576,-0.10099279136821608,0.2845906035549215
2014Q4,2014Q4,macro,True,447.6700000000001,261.65000000000003,8.0,2.0,13.603919847886504,0.43878894251864853,13674,245,13.52932572765833,1.3894983179757203,2.413339183852567,1.2432353371361708,0.1462629808395495,2.1939447125932428,-1.0566694146241131,0.16306943579278757
2015Q1,2015Q1,guidance,True,250.21999999999997,35.7,9.0,6.0,71.34020618556701,0.9976720984369803,3007,50,12.969737279680745,0.6651147322913202,7.648819421350184,7.316262055204523,2.660458929165281,0.9976720984369803,-0.3827672454178175,-0.17575084470541516
2015Q1,2015Q1,macro,True,248.7,100.15,3.0,0.0,20.94909039627697,0.42307149908334507,7091,142,23.833027781695108,0.8461429981666901,1.410238330277817,0.5640953321111268,0.0,3.5255958256945426,-0.46140203921463974,0.136134042993105
2015Q2,2015Q2,guidance,True,249.93999999999997,31.0,7.0,7.0,74.54545454545455,0.0,2937,52,13.619339462036091,0.34048348655090227,7.150153217568948,7.49063670411985,2.383384405856316,1.7024174327545114,0.053632347668932434,-0.6367050602845676
2015Q2,2015Q2,macro,True,312.15000000000003,98.65,1.0,0.0,26.98091747756856,0.12637432073802604,7913,168,21.61000884620245,0.8846202451661822,1.2637432073802604,1.2637432073802604,0.0,3.0329836977126248,0.027429343521738144,-0.3723236507904991
2015Q3,2015Q3,guidance,True,228.55999999999997,30.0,4.0,8.0,73.5135135135135,-1.480932987782303,2701,48,13.698630136986301,0.37023324694557574,9.626064420584967,8.515364679748242,3.702332469455757,0.7404664938911515,-0.0868680428981169,-1.320940196035036
2015Q3,2015Q3,macro,True,336.99999999999994,128.75,1.0,2.0,22.757075729428472,-0.10927767457108513,9151,190,14.971041416238663,2.8412195388482133,1.5298874439951917,1.0927767457108513,0.0,2.513386515134958,-0.3148792761346523,-0.7761666220604203
2015Q4,2015Q4,guidance,True,236.05999999999997,43.0,4.0,6.0,68.07475317348377,-0.7052186177715092,2836,47,13.399153737658674,0.3526093088857546,9.167842031029618,8.110014104372356,2.1156558533145278,0.0,-0.8273637963593584,-0.9625370598723701
2015Q4,2015Q4,macro,True,281.84999999999997,145.98999999999998,2.0,0.0,16.089531027948837,0.23685457129322596,8444,178,16.69824727617243,0.5921364282330649,1.4211274277593557,1.5395547134059686,0.11842728564661298,2.960682141165324,-0.8552304917704603,-0.18299076357122315
2016Q1,2016Q1,guidance,True,246.75999999999996,43.0,4.0,6.0,67.87475016655561,-0.6662225183211192,3002,49,12.325116588940705,0.3331112591605596,10.32644903397735,7.661558960692871,3.331112591605596,0.3331112591605596,-0.8545945195481962,-0.9445197008012257
2016Q1,2016Q1,macro,True,244.3,71.0,0.0,0.0,27.53415951700032,0.0,6294,139,21.131236097870985,1.1121703209405784,1.5888147442008262,0.9532888465204957,0.0,4.448681283762314,0.07226518968883525,-0.5888946206739408
2016Q2,2016Q2,guidance,True,253.75999999999996,40.0,3.0,8.0,72.55940257976917,-1.6972165648336728,2946,50,12.219959266802444,0.3394433129667345,10.862186014935505,8.146639511201629,4.412763068567549,0.0,-0.21677174348381975,-1.4208696485661423
2016Q2,2016Q2,macro,True,55.45,50.65,4.0,2.0,2.2933588150979474,0.9555661729574773,2093,34,2.866698518872432,0.0,0.0,1.433349259436216,3.3444816053511706,0.0,-1.9733000001279521,1.0486840555684613
2016Q3,2016Q3,guidance,True,243.95999999999998,37.25,5.0,8.15,73.64089775561096,-1.1221945137157108,2807,49,13.89383683648023,0.3562522265764161,12.82508015675098,8.19380121125757,3.206270039187745,0.3562522265764161,-0.06952447847649827,-1.155192339429148
2016Q3,2016Q3,macro,True,356.79999999999995,114.53,7.0,0.0,31.574351622572653,0.9122898475172683,7673,159,22.025283461488335,0.9122898475172683,2.215561058256223,0.9122898475172683,0.13032712107389546,3.388505147921282,0.3996904734164023,0.9745202878121424
2016Q4,2016Q4,guidance,True,230.24,41.0,4.0,11.0,64.71956224350205,-2.3939808481532148,2924,47,9.233926128590971,0.3419972640218878,10.94391244870041,7.523939808481532,5.471956224350205,0.3419972640218878,-1.2841783056174652,-1.7427954939058148
2016Q4,2016Q4,macro,True,250.60000000000002,71.4,4.0,1.0,30.992736077481844,0.5188516084399862,5782,121,23.867173988239365,6.226219301279834,0.6918021445866482,1.2106537530266344,0.0,0.6918021445866482,0.3525551813571291,0.3002749147918189
2017Q1,2017Q1,guidance,True,237.22,38.0,9.0,13.0,66.36242504996669,-1.3324450366422385,3002,51,9.993337774816789,0.3331112591605596,12.658227848101266,7.328447701532311,6.329113924050633,0.0,-1.0604999569407096,-1.2523343413178838
2017Q1,2017Q1,macro,True,421.6,66.3,1.0,0.0,39.80506385839122,0.11203226529240422,8926,185,22.070356262603628,0.8962581223392337,2.4647098364328928,0.44812906116961687,0.11203226529240422,3.473000224064531,1.0667239259534536,-0.39690200531569814
2017Q2,2017Q2,guidance,True,259.41999999999996,44.0,6.0,5.0,65.61681388973498,0.3045994517209869,3283,54,9.137983551629608,0.3045994517209869,10.356381358513556,7.005787389582699,6.091989034419738,0.0,-1.1620160862360607,-0.4959710440142344
2017Q2,2017Q2,macro,True,475.49999999999994,155.10000000000002,1.0,4.0,24.800681167273,-0.23221611579843643,12919,228,16.177722733957737,1.3932966947906185,1.9351342983203035,1.08367520705937,0.0,1.702918182521867,-0.14926138648268106,-0.9868494356025747
2017Q3,2017Q3,guidance,True,291.86,46.0,8.0,10.0,68.98428731762066,-0.5611672278338945,3564,54,10.381593714927048,0.28058361391694725,8.978675645342312,7.295173961840629,6.172839506172839,0.5611672278338945,-0.7035292956176533,-0.8959810285312029
2017Q3,2017Q3,macro,True,729.5500000000001,186.7,7.2,6.0,32.59381567096969,0.0720504353047133,16655,326,20.53437406184329,1.3809666766736715,1.9213449414590213,0.720504353047133,0.3602521765235665,1.9213449414590213,0.48230988768536015,-0.46541991027915186
2017Q4,2017Q4,guidance,True,249.7,37.0,6.0,9.0,67.26755218216319,-0.9487666034155597,3162,54,10.120177103099305,0.0,11.385199240986717,8.222643896268185,4.111321948134092,1.2650221378874131,-0.9372654777890884,-1.0750634809823891
2017Q4,2017Q4,macro,True,599.9700000000001,178.00000000000003,13.2,9.15,27.58154127720767,0.2647231845218641,15299,308,14.968298581606641,4.117916203673443,2.4184587227923395,0.9804562389698673,0.45754624485260476,2.0262762272043924,0.07610510271128934,-0.13523159413723396
2018Q1,2018Q1,guidance,True,187.11,28.0,4.0,7.0,67.16336006753905,-1.2663571127057829,2369,37,11.81933305192064,0.0,10.975094976783453,8.442380751371887,5.0654284508231315,0.0,-0.951451397667827,-1.2217997526638464
2018Q1,2018Q1,macro,True,310.73999999999995,51.400000000000006,3.0,1.0,39.923029556650235,0.3078817733990148,6496,138,24.322660098522167,0.46182266009852213,1.6933497536945814,1.0775862068965516,0.3078817733990148,4.156403940886699,1.0762841030968386,-0.06126959460014954
2018Q2,2018Q2,guidance,True,245.91000000000003,34.8,8.0,9.5,75.80251346499104,-0.5385996409335727,2785,39,12.567324955116698,0.0,11.490125673249551,8.258527827648114,2.872531418312388,0.0,0.22478289183176994,-0.8855541314239772
2018Q2,2018Q2,macro,True,334.8,37.0,2.0,0.0,44.70129090363254,0.30021014710297206,6662,148,27.31912338637046,0.4503152206544581,2.1014710297208046,0.9006304413089162,0.0,4.5031522065445815,1.463524000700301,-0.07441666069565385
2018Q3,2018Q3,guidance,True,244.01000000000002,27.8,14.0,12.5,75.80995792426367,0.5259467040673211,2852,43,11.921458625525947,0.3506311360448808,7.713884992987377,7.713884992987377,3.506311360448808,0.0,0.2257964666417551,-0.39370202272381877
2018Q3,2018Q3,macro,True,210.5,35.2,1.0,0.0,42.94463498285155,0.2449779519843214,4082,103,28.417442430181286,4.164625183733464,1.224889759921607,1.224889759921607,0.0,1.224889759921607,1.321161076303678,-0.1690695141850447
2018Q4,2018Q4,guidance,True,27.1,1.0,0.0,0.0,86.13861386138615,0.0,303,4,16.5016501650165,3.3003300330033003,6.600660066006601,0.0,0.0,0.0,1.632059177669692,-0.6367050602845676
2018Q4,2018Q4,macro,True,289.90000000000003,65.4,2.0,1.0,36.80327868852459,0.16393442622950818,6100,154,25.081967213114755,0.6557377049180327,1.8032786885245902,0.9836065573770492,0.0,3.9344262295081966,0.8234532261327201,-0.3079559182661254
2019Q1,2019Q1,guidance,True,281.17,30.3,15.45,11.0,78.39687500000001,1.3906249999999998,3200,47,15.3125,0.9375,7.1875,5.625,2.1875,0.0,0.5780092852578185,0.005805096152617287
2019Q1,2019Q1,macro,True,398.9599999999999,77.3,1.0,1.0,43.403049520982314,0.0,7411,168,25.772500337336393,0.9445418971798677,1.349345567399811,0.5397382269599245,0.0,3.2384293617595463,1.3583119112863244,-0.5888946206739408
2019Q2,2019Q2,guidance,True,268.46,44.8,15.399999999999999,12.0,70.28912633563796,1.0685103708359518,3182,44,12.884978001257071,0.3142677561282213,9.428032683846636,5.656819610307982,3.771213073538655,0.3142677561282213,-0.5258734160818641,-0.1430214536180961
2019Q2,2019Q2,macro,True,251.60000000000002,58.60000000000001,2.0,1.0,33.753060510668064,0.17488632388947184,5718,134,26.232948583420775,0.6995452955578874,1.9237495627841903,0.8744316194473593,0.0,4.372158097236796,0.5762574180576043,-0.2891873655694158
2019Q3,2019Q3,guidance,True,182.75,36.5,9.0,4.0,65.96752368064952,2.2552999548940007,2217,43,11.276499774470004,1.8042399639152007,9.472259810554805,7.216959855660803,3.157419936851601,0.9021199819576003,-1.1142663979554268,0.40531067136970345
2019Q3,2019Q3,macro,True,173.48000000000002,47.699999999999996,2.0,1.0,32.04585987261147,0.25477707006369427,3925,89,24.458598726114648,7.13375796178344,0.5095541401273885,0.5095541401273885,0.0,0.7643312101910827,0.43790244911328047,-0.15227650992548883
2019Q4,2019Q4,guidance,True,222.65,36.0,10.15,4.0,67.48011569052784,2.2234273318872018,2766,53,10.484454085321763,1.0845986984815619,9.038322487346349,6.507592190889371,3.2537960954446854,1.0845986984815619,-0.9083246226228193,0.3905845705199691
2019Q4,2019Q4,macro,True,158.43,48.4,0.0,0.0,28.307177772060715,0.0,3887,100,33.4448160535117,1.2863390789812195,0.7718034473887316,0.0,0.0,0.2572678157962439,0.13491214183268238,-0.5888946206739408
2020Q1,2020Q1,guidance,True,211.00799999999995,25.0,25.46,5.0,68.9940652818991,7.589020771513353,2696,47,13.353115727002967,1.483679525222552,7.789317507418398,7.0474777448071215,1.8545994065281899,1.112759643916914,-0.7021980104399649,2.8696485024013403
2020Q1,2020Q1,macro,True,58.0,75.60000000000001,1.0,0.0,-10.897832817337466,0.6191950464396285,1615,34,11.145510835913313,0.0,4.3343653250774,3.0959752321981426,0.0,0.0,-3.0423406670303557,0.47223608191904626
2020Q2,2020Q2,guidance,True,213.99599999999995,28.3,22.36,4.0,70.07396226415092,6.928301886792452,2650,44,13.20754716981132,1.5094339622641508,9.433962264150942,5.660377358490566,2.2641509433962264,1.5094339622641508,-0.5551683419974104,2.564376704480961
2020Q2,2020Q2,macro,True,182.4,97.80000000000001,0.0,0.0,17.31477691363078,0.0,4886,117,20.671305771592305,0.6139991813344249,1.8419975440032748,1.2279983626688498,0.0,3.0699959066721245,-0.7559341040560911,-0.5888946206739408
2020Q3,2020Q3,guidance,True,244.40599999999995,30.8,19.56,4.0,73.53046471600688,5.356282271944922,2905,49,8.261617900172116,0.34423407917383825,11.359724612736661,5.85197934595525,2.4096385542168677,2.4096385542168677,-0.08456011008298274,1.8380568348841893
2020Q3,2020Q3,macro,True,225.99999999999994,98.68,0.0,0.0,25.747219413549026,0.0,4945,119,20.829120323559152,0.6066734074823054,1.2133468149646107,0.8088978766430738,0.0,2.0222446916076846,-0.07255202570291253,-0.5888946206739408
2020Q4,2020Q4,guidance,True,244.7,43.5,16.2,8.5,64.59069020866772,2.4719101123595504,3115,52,7.062600321027288,0.6420545746388443,10.59390048154093,7.38362760834671,2.247191011235955,2.247191011235955,-1.301724435354487,0.5053910137762283
2020Q4,2020Q4,macro,True,341.95,102.94999999999999,0.0,0.0,34.26032110091743,0.0,6976,139,29.243119266055047,0.716743119266055,2.86697247706422,0.716743119266055,2.1502293577981653,2.0068807339449544,0.6173668352205003,-0.5888946206739408
2021Q1,2021Q1,guidance,True,242.0,45.0,10.2,6.5,68.78491620111731,1.2918994413407818,2864,50,8.03072625698324,0.6983240223463687,12.918994413407821,8.03072625698324,3.840782122905028,2.094972067039106,-0.7306739859337457,-0.03980905154247133
2021Q1,2021Q1,macro,True,331.59999999999997,52.400000000000006,2.2,1.0,43.306964479602904,0.1861330851558865,6447,128,23.57685745307895,6.514657980456026,1.2408872343725765,0.6204436171862883,0.0,1.8613308515588647,1.3505249865279108,-0.269913497418906
2021Q2,2021Q2,guidance,True,273.2,56.7,15.0,5.5,66.77976557680444,2.930289944478717,3242,52,6.785934608266502,1.2338062924120914,12.954966070326957,6.785934608266502,2.7760641579272054,2.1591610117211597,-1.0036783894235537,0.7171761446652433
2021Q2,2021Q2,macro,True,212.9,26.2,0.0,0.0,46.0646434739699,0.0,4053,91,31.088082901554404,1.233654083395016,1.4803849000740192,1.233654083395016,0.0,2.9607698001480385,1.5740128315526107,-0.5888946206739408
2021Q3,2021Q3,guidance,True,281.87999999999994,40.2,18.0,7.5,74.13496932515336,3.2208588957055215,3260,52,7.9754601226993875,0.9202453987730062,12.269938650306749,7.9754601226993875,2.4539877300613497,3.374233128834356,-0.002255859107607869,0.8514276519432822
2021Q3,2021Q3,macro,True,283.93,53.300000000000004,2.0,0.0,35.712294828120164,0.3096934035305048,6458,135,28.646639826571693,1.3936203158872715,1.3936203158872715,3.096934035305048,0.0,1.8581604211830287,0.7350377026375785,-0.058164956788008974
2021Q4,2021Q4,guidance,True,268.15,54.7,22.1,7.5,69.6183953033268,4.761904761904763,3066,48,7.8277886497064575,0.32615786040443573,10.110893672537507,8.153946510110893,1.9569471624266144,3.2615786040443573,-0.6171944984773367,1.563436727408308
2021Q4,2021Q4,macro,True,234.27999999999997,36.15,1.0,1.0,42.3445180594144,0.0,4679,114,30.775806796324,1.2823252831801668,1.2823252831801668,1.2823252831801668,0.0,2.3509296858303057,1.2725263953796908,-0.5888946206739408
2022Q1,2022Q1,guidance,True,285.34999999999997,61.0,12.0,3.0,66.83050342567768,2.680965147453083,3357,48,6.255585344057194,1.1915400655347035,12.213285671730711,6.851355376824546,2.680965147453083,2.9788501638367593,-0.996770351694098,0.6019806646899735
2022Q1,2022Q1,macro,True,192.3,46.4,4.0,0.0,33.851508120649655,0.9280742459396751,4310,92,29.930394431554525,0.6960556844547563,1.6241299303944317,1.6241299303944317,0.0,2.0881670533642693,0.5842358101212057,1.001570423119724
2022Q2,2022Q2,guidance,True,311.12999999999994,56.0,19.2,4.0,70.83009439200443,4.21987784564131,3602,53,7.773459189339256,1.38811771238201,9.71682398667407,6.662965019433648,2.2209883398112162,2.2209883398112162,-0.4522197664534342,1.313004153017947
2022Q2,2022Q2,macro,True,195.8,47.55,4.4,0.0,37.71305011447469,1.1193080641058255,3931,77,25.947596031544137,12.465021622996693,0.5087763927753752,0.0,0.0,0.2543881963876876,0.8971829299401448,1.3292928055854756
2022Q3,2022Q3,guidance,True,298.04999999999995,50.0,16.2,5.0,71.17647058823529,3.21377331420373,3485,55,7.173601147776184,1.4347202295552368,11.477761836441895,6.886657101865136,2.582496413199426,2.8694404591104736,-0.40506010388819413,0.8481539023133211
2022Q3,2022Q3,macro,True,225.4,37.0,1.0,0.0,40.947620082590745,0.21734405564007825,4601,105,29.124103455770484,1.3040643338404696,0.869376222560313,1.3040643338404696,0.0,1.738752445120626,1.159318977403422,-0.21642644317172954
2022Q4,2022Q4,guidance,True,278.67999999999995,42.7,17.0,5.0,72.12102689486552,3.667481662591687,3272,53,11.613691931540343,1.8337408312958434,11.613691931540343,8.251833740831296,1.8337408312958434,3.0562347188264063,-0.27645728077484877,1.0577806686231481
2022Q4,2022Q4,macro,True,334.40000000000003,84.8,3.0,0.0,37.73813123677049,0.4535833081342606,6614,142,31.902026005443002,1.058361052313275,1.058361052313275,0.3023888720895071,0.0,1.2095554883580284,0.8992155544711868,0.18842292605466843
2023Q1,2023Q1,guidance,True,269.06,38.0,17.76,5.3,79.51135581555403,4.287680660701996,2906,49,9.291121816930488,1.7205781142463867,12.388162422573986,9.291121816930488,4.129387474191328,5.161734342739161,0.729747596864919,1.3443310724329747
2023Q1,2023Q1,macro,True,307.75000000000006,109.2,7.1,1.0,31.135330092520004,0.9565626470127019,6377,145,25.090167790497098,7.056609691077309,0.6272541947624275,0.7840677434530343,0.0,1.254508389524855,0.3641112867629409,1.0503917391496143
2023Q2,2023Q2,guidance,True,258.60999999999996,28.5,15.2,2.0,83.524500907441,4.791288566243194,2755,48,6.170598911070781,0.36297640653357527,12.341197822141561,7.622504537205082,3.266787658802178,5.081669691470054,1.2761435975664097,1.5770129199276468
2023Q2,2023Q2,macro,True,211.3,50.550000000000004,5.1,0.0,32.9405737704918,1.0450819672131146,4880,114,31.147540983606557,1.4344262295081966,0.819672131147541,1.0245901639344264,0.0,1.8442622950819674,0.5104118606000307,1.2020896071758822
2023Q3,2023Q3,guidance,True,249.19999999999996,36.8,17.0,3.0,72.31869254341164,4.766768811712632,2937,50,7.49063670411985,0.6809669731018045,9.533537623425264,7.150153217568948,3.745318352059925,4.42628532516173,-0.2495447925969335,1.565684063248648
2023Q3,2023Q3,macro,True,231.70000000000002,48.2,2.0,0.0,40.525618374558306,0.4416961130742049,4528,106,31.581272084805654,1.325088339222615,1.325088339222615,0.8833922261484098,0.0,3.312720848056537,1.1251191113140184,0.16805152980648053
2023Q4,2023Q4,guidance,True,231.2,31.0,9.0,2.0,75.23487410747838,2.6305900037579857,2661,49,8.64336715520481,1.1273957158962795,9.77076287110109,8.64336715520481,4.885381435550545,4.885381435550545,0.14749790270623417,0.5787058483620039
2023Q4,2023Q4,macro,True,275.84000000000003,51.699999999999996,1.0,0.0,42.96338892083574,0.19168104274487252,5217,117,28.75215641173088,1.5334483419589802,0.38336208548974504,0.7667241709794901,0.0,0.19168104274487252,1.322680933108758,-0.26040581778191974
2024Q1,2024Q1,guidance,True,236.0,34.0,12.2,2.0,78.29457364341086,3.9534883720930227,2580,49,6.976744186046512,2.3255813953488373,7.751937984496124,9.30232558139535,4.651162790697675,3.875968992248062,0.5640807950520564,1.1899242843813775
2024Q1,2024Q1,macro,True,280.06,45.099999999999994,2.0,0.0,46.407268417934034,0.39502271380604387,5063,121,31.60181710448351,1.3825794983211535,0.19751135690302193,0.5925340707090658,0.0,0.39502271380604387,1.6017798452386358,0.08806610801959032
2024Q2,2024Q2,guidance,True,247.34999999999997,42.0,9.2,1.0,71.57546183339142,2.858138724294179,2869,49,6.622516556291391,1.742767514813524,11.153712094806552,8.365284071104915,3.136981526664343,5.576856047403276,-0.35073681986117466,0.6838401326074266
2024Q2,2024Q2,macro,True,252.79999999999995,53.50000000000001,0.0,1.15,39.60651828298886,-0.22853736089030205,5032,119,31.796502384737675,1.1923688394276628,0.5961844197138314,0.397456279809221,0.0,0.1987281399046105,1.0506333937064076,-0.9805450573573321
2024Q3,2024Q3,guidance,True,255.60000000000002,31.2,10.0,1.0,79.68750000000001,3.1960227272727275,2816,43,7.102272727272727,1.7755681818181817,7.8125,8.167613636363637,3.90625,3.1960227272727275,0.7537299039394085,0.8399526026200967
2024Q3,2024Q3,macro,True,290.56,51.5,4.0,1.0,47.347989700930874,0.5941770647653001,5049,122,32.67973856209151,0.9902951079421667,0.19805902158843336,0.19805902158843336,0.19805902158843336,0.19805902158843336,1.6780177876297855,0.42936211413751135
2024Q4,2024Q4,guidance,True,221.29999999999995,30.5,11.1,3.0,76.68810289389064,3.255627009646302,2488,47,9.244372990353698,1.2057877813504825,9.244372990353698,8.842443729903538,4.019292604501607,2.411575562700965,0.3453572820257567,0.8674915558189616
2024Q4,2024Q4,macro,True,251.59999999999997,55.7,3.0,0.0,41.9575926322553,0.642535874919683,4669,115,31.484257871064464,1.285071749839366,0.21417862497322768,0.42835724994645535,0.0,0.21417862497322768,1.2411691815496242,0.5122358685235365
2025Q1,2025Q1,guidance,True,238.69999999999996,28.2,10.1,3.0,81.68412883197514,2.7551416375630575,2577,51,9.313154831199068,1.1641443538998835,8.92510671323244,8.92510671323244,5.820721769499419,2.716336825766395,1.02557405203213,0.6362524117565953
2025Q1,2025Q1,macro,True,330.69999999999993,72.4,6.1,0.0,40.13986013986013,0.9479409479409479,6435,147,31.39083139083139,3.5742035742035743,0.4662004662004662,0.4662004662004662,0.0,0.3108003108003108,1.0938564891055127,1.0356165085560218
2025Q2,2025Q2,guidance,True,270.4,28.7,16.2,3.0,85.0756775783175,4.646251319957761,2841,51,9.503695881731785,1.407954945441746,7.743752199929602,7.039774727208729,4.575853572685674,1.7599436818021823,1.487338735031488,1.510001393599505
2025Q2,2025Q2,macro,True,256.37999999999994,44.2,3.0,0.0,44.15816857440166,0.6243496357960457,4805,111,28.720083246618106,1.2486992715920915,0.4162330905306972,0.2081165452653486,0.0,0.2081165452653486,1.4195082761752398,0.4810696361549919
2025Q3,2025Q3,guidance,True,199.5,21.2,12.3,7.0,82.20378054402951,2.4435223605348093,2169,46,10.603964960811433,0.9220839096357768,9.22083909635777,6.915629322268326,5.071461502996773,1.3831258644536653,1.0963254479380986,0.4922750271760921
2025Q3,2025Q3,macro,True,245.34,41.5,5.0,0.0,42.986081822016025,1.054407423028258,4742,117,27.41459299873471,1.2652889076339098,0.0,0.42176296921130324,0.0,0.0,1.3245200114034035,1.2180708840578958
2025Q4,2025Q4,guidance,True,215.07999999999998,18.2,9.1,4.0,85.52562988705473,2.215464813205908,2302,50,8.688097306689835,1.3032145960034753,7.38488271068636,7.38488271068636,5.647263249348393,1.3032145960034753,1.5486004478206534,0.3869056498019091
2025Q4,2025Q4,macro,True,239.95999999999998,32.2,3.0,0.0,43.766589424899934,0.6319780914261639,4747,115,30.966926479882034,0.8426374552348852,0.2106593638087213,0.2106593638087213,0.2106593638087213,0.2106593638087213,1.3877739153386432,0.4941427195542079
2026Q1,2026Q1,guidance,True,199.1,26.2,8.1,6.0,75.14124293785311,0.9126466753585396,2301,45,10.864841373315949,1.303780964797914,8.691873098652758,7.388092133854846,3.042155584528466,0.0,0.13474987205873157,-0.21503512183495532
2026Q1,2026Q1,macro,True,332.09,41.78,2.0,0.0,46.29405198532928,0.3189284005740711,6271,143,32.849625259129326,0.6378568011481422,0.3189284005740711,1.43517780258332,0.3189284005740711,0.15946420028703556,1.5926045581236727,-0.042338701462435784
